id,Name,Site name
"1f27a53d-8a00-3a14-8972-652c7071fa30","3930_LAB",
"8f40ff84-8bca-35cf-99b9-407b84c56db5","3930_Vallejo","Empresarial CDMX"
"85429004-891b-3ddf-b890-9b0740bd2e44","3932-NOCESAVALLEJO","Empresarial CDMX"
"78470838-7351-3e20-aa98-89de60b97a02","3TI001","Empresarial CDMX"
"9be1ac09-02fa-3052-aaae-c8767f09afd8","3TI002","Empresarial CDMX"
"12a48380-435d-3fee-b393-ef2a47e10dcd","3TI003","Empresarial CDMX"
"8e303303-9ac6-323c-a30d-e522542af077","3TI004","Empresarial CDMX"
"51834938-220c-3650-acf5-b263483903d9","3TI005","GDL_Metro"
"94f901a3-b2b3-3f50-b391-0be841bc48da","4KR001","Empresarial CDMX"
"eeae53a9-2307-3820-bdfa-0d2797de4335","601_QRO601","QRO601"
"40f632dd-9c37-355c-bdc6-f229f31fabdf","ABANET","Querétaro"
"cafbea04-d9e2-3b9e-8aed-88b1a9bcf0f0","ABN002","Metro CDMX"
"2cf4586d-9095-3095-9d41-d72f84198180","AccessMDF","Empresarial CDMX"
"638446e6-14d0-3af3-a37a-83a8d8287884","AccessMTY","Metro MTY"
"71ec045d-6a8d-3872-938e-f414b07ec3a4","ACE001","Metro MTY"
"3a38fc06-dfbb-3780-a0d7-5f22a64208a0","ACE002","Metro MTY"
"7c1afc00-7d2b-3704-baf8-e6226fe24e3a","ACO001","Saltillo"
"386e43ad-cb1d-395c-b39c-af61da59b019","ACV001","Toluca"
"2a2b897c-cfac-397a-a7c8-fa66e24054d9","AEN001","Empresarial CDMX"
"ac868c02-b084-3728-aadd-012a2c9ceb3d","AGC001","Empresarial CDMX"
"cddbcac0-2be4-3ca2-8510-3099216e0322","AGI001","Empresarial CDMX"
"8dc00a6d-7bc9-36d5-9777-7ff35bc75a53","AGI601","AGI601"
"f165055f-ab76-3bea-980c-d22bbad447b0","AGN001","GDL_Metro"
"40ab929c-f599-3721-879a-d5d5e7e11b5a","AGS002",
"f79b15bc-a436-3f64-a794-b3d7867c0704","AGS601","AGS601"
"392add4e-5f77-33d0-bfbf-9d8d65c4c331","AIR001","Empresarial CDMX"
"ee30c7ec-4a62-33ce-8854-32ecc3410ebe","AIS001","Empresarial CDMX"
"c3e68dfd-da67-3398-ac6d-615f25595d2b","ALA001","Metro MTY"
"a8f58446-2d1b-3924-88ae-e20f927d15d7","ALA002","Metro MTY"
"0c636f33-99af-38fe-9d20-8486efbe1f3c","ALA003","Metro MTY"
"6e664ec1-6901-3f27-b6b9-677838a6ac5f","ALA004","GDL_Metro"
"7a4e9084-a356-3b0f-8f98-ae8fbe35ea05","ALD001","Empresarial CDMX"
"7b2abafa-a509-39d8-8ac8-38d0c905a719","ALD002","Empresarial CDMX"
"bc7a1e96-7d6e-3f1f-a18d-edb4ff5c2e43","ALESTRA","Metro CDMX"
"a607a768-b37f-3da3-94b9-bb6458b791bd","ALESTRA_MTY","Metro MTY"
"711aad79-e1f7-3ab7-8ab2-1efc527b03a5","ALR003","Aguascalientes"
"de3e0288-8838-374a-a09f-f70332320bf4","ALR004","ALTAN_DRAN_NORTE"
"5f545ca6-a730-3c11-a2f6-9524e4d28f4b","ALR005","ALTAN_DRAN_NORTE"
"4b47e203-f80c-3138-b1b6-0cce39a9f274","ALR006","ALTAN_DRAN_NORTE"
"a49abbaa-1348-307d-9ba1-215b8cfcc6c7","ALR007","ALTAN_DRAN_NORTE"
"1f88d6fb-f9a8-3406-b1e1-7e33c11df01f","ALR008","ALTAN_DRAN_NORTE"
"4a50b482-1416-33c1-9ee0-054d10ce3e3b","ALR009","ALTAN_DRAN_NORTE"
"8a1772a0-c513-37a8-a3c9-be66da8e5650","ALR010","ALTAN_DRAN_NORTE"
"bc8c9814-1d72-37cf-8d90-34fa6ed1f8b8","ALR011","ALTAN_DRAN_NORTE"
"51f7609b-ff3e-3817-932d-4c435efe9efa","ALR013","ALTAN_DRAN_NORTE"
"af30415b-b619-322d-8dbe-d95964842432","ALR014","ALTAN_DRAN_NORTE"
"4a94dae8-053b-3151-901c-a710f3817809","ALR015","ALTAN_DRAN_NORTE"
"90f257e8-fa30-3c14-ae31-cd04eac6c480","ALR016","ALTAN_DRAN_NORTE"
"2abd0da8-ae40-3490-8cd4-9087110b6167","ALR017","ALTAN_DRAN_NORTE"
"0d6f5ce9-4a3f-3cbf-a3a2-b72a84b3e2bb","ALR018","ALTAN_DRAN_NORTE"
"0fb1c5bf-92fc-34b5-a630-ed113de6eb1b","ALR019","ALTAN_DRAN_NORTE"
"b873b5c9-044e-317f-8f5f-5a386d6c703a","ALR020","Altan DRAN GDL"
"c358e740-43ce-3271-a221-bd00901d4fb1","ALR021","Altan DRAN GDL"
"6be69301-c84d-3cc1-a279-924b31d803ca","ALR022","Altan DRAN GDL"
"4ba3630b-1b22-3b9a-9cf0-dc199e902d5f","ALR023","Altan DRAN GDL"
"ced94de7-4985-3a41-b4f0-f134789de49a","ALR024","Altan DRAN GDL"
"a98b87b1-e52b-3a7e-9f3d-22e7280a3a3e","ALR025","ALTAN_DRAN_NORTE"
"ff255206-a99d-3dc4-bb69-1177a2429e4d","ALR027","ALTAN_DRAN_NORTE"
"59cd6f94-d93d-38f0-81a3-56812f6ebb1c","ALR030","Metro CDMX"
"32abbab4-97f2-3d40-a315-bbd4a8363b7e","ALR031","Metro CDMX"
"cb8ba102-031a-3b11-a866-4518afc8c54a","ALR032","Metro CDMX"
"0ed474c3-cad0-36fd-b6db-c2595b7b0b6c","ALR033","Metro CDMX"
"5843d823-5a56-3f25-9c2b-769f4d5dc6ae","ALR034","Metro CDMX"
"ce5cfe45-7555-3e77-88ad-dec366ac4fd3","ALR035","Metro CDMX"
"491cf123-252d-3622-93bc-fdad48d35b0f","ALR036","Toluca"
"2a841cee-e997-3a88-b96e-97253b4c254c","ALR037","Metro CDMX"
"a32ffdf7-525f-33a8-9f38-17926d499fb4","ALR038","Metro CDMX"
"96636441-af62-372c-86c1-a23c20058fc6","ALR039","Toluca"
"b6e7b6b4-a054-3b12-9e05-0464c5c14b50","ALR040","Metro CDMX"
"dbbea2ff-4b83-3d04-b7c5-a06c22602628","ALR041","Metro MTY"
"85a6a5a5-b2fd-3c27-aa78-9542ec3e6eb0","ALR601","PUE601"
"7b00b682-fab8-38ce-9056-0278f721a589","ALR602",
"c0f2ae92-5f25-305d-8814-bc49d154017a","ALR603",
"6f2ac393-27b5-3edd-a862-422bdf4b7bb3","AMA001","Metro MTY"
"b2d09e26-cc6d-32c4-abaf-28dba4825802","AMB001","San Luis Potosí"
"809e9ddf-d06a-3056-9107-01341ffc238b","AMG001","GDL_Metro"
"369fd3c5-a2f2-36e8-a9d6-464560679ff7","AML001","GDL_Metro"
"ac83245c-bfcd-3b1e-91c3-9f9e90b183f8","AMS001","Empresarial CDMX"
"e9acd5a9-fc58-3c9e-8443-d5e07462a8b5","AMW001","Metro MTY"
"cbac7eeb-d508-3ad3-8ffb-2aeb848bcac8","AMZ001","Metro CDMX"
"28d7c115-1e74-3f76-b191-5f250803a0a9","AMZ006","Metro CDMX"
"7c4f5102-61f8-314c-8013-eac2d9efd5a6","AMZ007","GDL_Metro"
"a5e5ea61-8b09-3807-8834-8c081b93b020","AMZ008","Metro MTY"
"dfd260b7-0803-3860-b21b-691e04ce4c7d","AMZ009","Metro MTY"
"8614c25d-2310-3cab-87b7-21972e73461c","APD001","Metro MTY"
"7c2ed497-a1dd-37cf-a46e-20889d089ffc","APD002","Metro MTY"
"5be749c2-3332-3521-9e42-2798e6be9ea7","ARB001","Toluca"
"b92734dc-dce2-3f02-bc6e-dc44d98ccfd6","ARE001","Metro MTY"
"32ed645b-d869-3a2f-a74e-9a88f2a80ae8","ARE002","Metro MTY"
"7277867f-0008-31a8-b887-5a7925fc7886","ARG001","Empresarial CDMX"
"e35fb606-48be-3857-9cc3-96a7eddbe304","ARL604","PUE601"
"366682d5-5afa-38db-a570-bddc236d45ee","ASF001","Metro MTY"
"4ecc4d77-25d6-3444-8c1a-8d1b9375bceb","ASG001","Irapuato"
"6755ebe9-031e-3dc8-b712-d6cf044aa500","ASP001","GDL_Metro"
"f0d9dae3-ac56-3e31-9407-57ffdeb628b0","ASTRA-ZENECA","Empresarial CDMX"
"093d0f09-aa3a-3fa1-9757-656060363d78","ATC-SLP","San Luis Potosí"
"6c196d92-51e4-3f38-b703-3ca71f291061","ATC001","Empresarial CDMX"
"e37e6b5a-eb91-3994-93b2-d4749b1556ce","ATE001","Toluca"
"2466df57-5f03-3b70-bd60-93c226290ae7","ATE002","Toluca"
"1134e380-6544-3395-b170-178cb54b773a","ATE003","Toluca"
"160033dd-b39b-3e5c-b6ec-52240518cb65","ATE004","Toluca"
"d61c8408-1c68-3580-b5bf-b398ec52b7e3","ATE006","Toluca"
"0f3edf7b-c75f-3704-a7b4-0bc2a600b4a0","ATENTO-ARBOLEDAS","Empresarial CDMX"
"8612dfed-7a80-385b-9920-bec1184db999","ATENTO-MTY","Empresarial CDMX"
"65c33c8e-0519-383f-873c-f4dd8e5a117d","ATENTO-QRO","Querétaro"
"806e7c00-f655-3f01-afb9-e65b61d14a43","ATENTO_JAMAICA","Empresarial CDMX"
"79447e37-9703-36ea-aafd-c6e0a219ccdc","ATENTOCHAPULTEPEC","Empresarial CDMX"
"16a6e080-b1d2-33bf-bf5c-6d296b53b773","ATENTOPERINORTE","Metro CDMX"
"9719f329-96ce-39ee-bfb5-c05f2864c101","ATENTOTOL","Toluca"
"0561820f-d467-3f12-9320-f3d57e4bba8f","ATI001","Empresarial CDMX"
"9fc9c4d0-0f9f-3856-a958-b0fd76bc2fc0","ATL002",
"78dd8af7-c8ea-3997-9f46-b44abe15fd8e","ATN002","Empresarial CDMX"
"bb8dfef7-3c50-31c8-9396-094642361104","ATN003","Metro MTY"
"b18e8ef0-0261-3f6d-87fc-8a083f84286b","ATN004","Empresarial CDMX"
"75690d66-9078-3323-899d-05340a090a82","ATT001","Empresarial CDMX"
"8d82033e-03b2-3317-ad7b-33cad3bf1cef","ATT002","Empresarial CDMX"
"cd618dac-d1e6-3f19-8a50-e593943ad11d","ATT008","Metro CDMX"
"5c245e25-33d3-3a00-b50c-daae340b8b5b","ATT011","Toluca"
"ac27f645-e2ba-3449-9158-e1773f432766","ATT012","Toluca"
"263279fb-c179-3005-988e-d74b3971ba42","ATT013","Toluca"
"a2d8f05e-337d-3861-a10b-8bc91d7fb56f","ATT014","San Luis Potosí"
"708a2351-3123-3352-8d06-31320141adca","ATT017","Metro CDMX"
"67c0231b-64cf-3282-a0e6-6579d3a314ff","ATT019","Empresarial CDMX"
"344a3e97-d723-3fb0-8095-179e843f3290","ATT021","Empresarial CDMX"
"0b92fea4-d735-3597-9acf-78c4c31e356e","ATT022","Metro MTY"
"5451641a-7820-3390-9262-90e7c7702824","ATT023","Metro CDMX"
"4050767b-4125-324f-bf96-6bc5ef52a673","ATT024","Empresarial CDMX"
"11e98db7-439a-3eb3-8f4f-b879ad7c122d","ATT025","Metro CDMX"
"d02fabd2-ff86-3bd1-9680-e4d19e0870b8","ATT026","Metro CDMX"
"50d5ba1b-143a-348f-8a22-aa74e116376a","ATT027","Querétaro"
"3bb01c07-7b38-348d-94ce-1450512650fb","ATT028","Empresarial CDMX"
"bdfc7b70-3835-34a4-b057-50ec5c0d5cf7","AUR001","Empresarial CDMX"
"15beb77e-ea70-36ca-a767-1ea6fc88101a","AUR002","Empresarial CDMX"
"bec7cf9a-4c7c-3c72-b1cf-573714ea76f5","AUV001","San Luis Potosí"
"5e2ff4a4-02c1-383b-a2f2-3cd2161d3c75","AVS001","GDL_Metro"
"83e04802-f2f3-35d7-9a21-edc09b3d0953","AVS003","Empresarial CDMX"
"694ac993-4233-3393-a6f5-c72f1b45b384","AYR001","GDL_Metro"
"f69a8a75-a380-3aa7-8a3c-321908a4d34a","AYR002","GDL_Metro"
"dcf6d676-dccd-330f-a997-a5fe02463c7b","AZO002","Empresarial CDMX"
"511b3c45-2468-37d5-92ab-17ca0dd8fea2","AZOR","Empresarial CDMX"
"3549c40a-3b53-3d3f-8b63-41d422639e03","AZT001","Empresarial CDMX"
"5d42a193-8272-3f5f-8213-b225390d2ec5","BAT001","Metro MTY"
"a303c36b-e2a5-3e4c-92bf-2e1d60b49095","BAT002","Empresarial CDMX"
"602786db-3a0b-376f-8b54-62bee2dc9ee4","BAT003","Puebla"
"9aa8e6c2-8600-33e1-b95d-f87ebbd88c49","BAT005","Empresarial CDMX"
"6bb07120-f055-347c-bf10-8106026cdd83","BAT006","Metro MTY"
"5d1f3a5c-c096-32ff-ad30-9e2d2f03a98d","BBC001","Empresarial CDMX"
"892cdd90-c095-3ea7-87e5-9833537b1869","BBS002","Saltillo"
"9baca853-353f-38c9-bc73-520b20aedafc","BBS003","Aguascalientes"
"dd6f3ab8-8bd9-34f0-8f2f-6b2de88ca796","BBS004","Toluca"
"1c844c2d-f4d5-3603-823f-dc1cea4b5323","BBS005","Empresarial CDMX"
"af80691b-e925-3874-b56d-f9fa26caa6dd","BBS006","Puebla"
"7fba8e1e-94cb-30f8-8c9c-853adc0b8faa","BBS007","Metro CDMX"
"d34b1b72-de83-3b9f-a921-9e66027975f6","BBS008","Pachuca"
"f124ea77-89f9-3bee-ab9d-49d5ce83041b","BBS009","VERACRUZ"
"da4d46a7-f73e-38b2-9fe6-03b0d43fd0c8","BCO001","Guanajuato"
"332b4f39-9bfd-3800-8bb8-069df9992d4a","BCT001","Empresarial CDMX"
"e7d516c4-2be3-39e4-afde-e72515818386","BCT002","GDL_Metro"
"c2c69862-428d-33f7-91ca-27f1792d5dc1","BDB001","Guanajuato"
"9ce4f535-7838-383a-a68c-ba3a8cf468a8","BDM001","Tijuana"
"c2b1676d-0b42-310d-954b-848f78222836","BEC001","Empresarial CDMX"
"fbd60e58-2c1d-33e3-ad0d-607a3fb0fcf1","BEC002","Metro CDMX"
"0a90053f-ba8a-36d0-982d-dc5a1e33a269","BFS001","GDL_Metro"
"c1c0e497-44c5-3f8c-8306-2ce900fec785","BFS002","Metro MTY"
"64bd8229-2b32-3d9d-a6ed-8541a7c23f7b","BGT001",
"5bbdaa4c-fbc1-3653-8297-2d1242bdceb5","BLACKROCK","Querétaro"
"6c432fb5-7477-3aa8-a5cf-c44819dad8f0","BLO001","Metro CDMX"
"49a39e2c-9320-34a2-9255-99c849fab83a","BLU001","Saltillo"
"af8fe9fb-8ecc-360b-8456-74c1be5d355d","BLU002","Metro MTY"
"e3be1793-f7fc-36d4-b0c5-a766b40e1402","BLV001","GDL_Metro"
"a729ff43-4bf7-3e92-9756-92271ba8bfc9","BMC001","Metro MTY"
"2b09e869-5f25-3fdb-a06c-c5a7dc1e38e0","BME001","San Luis Potosí"
"13741057-1b89-3d7f-8701-fa91514ffdb5","BMV001","Empresarial CDMX"
"f3463845-2ad7-3dcf-8042-f366ba9ee707","BMV002","Empresarial CDMX"
"1d88d9ba-3adf-4f34-bc83-91f20d6b347c","BMY01","Metro MTY"
"ecea7c5b-276c-449c-a6f4-78c239e9c6ae","BMY02","Metro MTY"
"26d43954-727b-3b18-a7b6-298934d3b6b0","BNP002","Empresarial CDMX"
"9c15eab6-e4a4-369c-bcad-c270c69b1e6a","BNR001","Empresarial CDMX"
"aa4b525b-287b-3900-912c-487fdaa84942","BNR002","Saltillo"
"61519cac-fe79-305a-abaf-c6cf672fc90c","BNR003","Metro MTY"
"e71b6aaf-b038-36c7-82a3-97b6ed2425dc","BNR004","Empresarial CDMX"
"07b79988-1ff2-319b-acc7-fd4d7ba33540","BNR005","GDL_Metro"
"71ec49b0-49bd-3b7f-884f-3312107d3eaf","BNR006","GDL_Metro"
"50c844e6-0f2a-3f29-9286-428b3b70b0c7","BNT001","Metro MTY"
"bf30bfe7-d21b-3a0a-8a1f-c0a0a370870a","BNT002","Metro CDMX"
"c0c95d15-85da-37ad-a200-2e135c41431b","BPN001","Toluca"
"23c741fb-aef4-3e6a-97e1-80e6170ce557","BPR001","Metro MTY"
"d539f7b4-d942-3a52-adcc-469c59c03879","BRA601","BRA601"
"1523b15e-9f96-3d09-8015-8a5ab04dc767","BRI001","Empresarial CDMX"
"654c715a-a39d-3694-89ed-d58a3b364e0b","BristhTele","Metro CDMX"
"c155493d-dfd9-38c9-afbb-96a6f2016285","BRO002","Empresarial CDMX"
"255d08d5-83a3-3240-99d8-6cc1af0eeaef","BSA001",
"ad49f34d-3e15-3a26-9a77-c0a5f4d8d60c","BSH001","Querétaro"
"3517dfb6-c677-3f13-8242-f5ab541b99b1","BSI001","Empresarial CDMX"
"5222d1b1-f5ce-3080-8ad5-5ff5f4810bce","BSL001","San Luis Potosí"
"4a3a5cad-de9a-3694-a3bb-30d7127d2d36","BSN001","Metro MTY"
"f27fa859-4a45-355d-a69b-6eea12241b53","BTL001","Metro CDMX"
"61770e29-09ff-3d59-a67c-8eea9ad87532","BTL002","Empresarial CDMX"
"9090e4ce-06bc-386c-bf79-a03d38ca42de","BTL004","Empresarial CDMX"
"5903ea52-25c5-3a87-9d8b-3f1e5b2f029b","BTL005","Querétaro"
"12eb13af-16a1-39e5-b358-46cf962f0a03","BTL006","GDL_Metro"
"3ce82273-e98d-365f-8038-13b14413c61f","BTL007","Empresarial CDMX"
"21ccfdb1-93a8-3a7e-abd1-971b54b02300","BTL008","Empresarial CDMX"
"05806396-76e0-310d-8fd8-f52bf682ed8e","BTL009","Metro CDMX"
"cfb17a07-59af-3ce4-830f-a3edbedf3f55","BTL010","Metro CDMX"
"681629d2-482c-3024-96b5-bebd00327a38","BTL011","Querétaro"
"07a8bb83-3adb-3983-a0d2-16d86f7396f3","BTL012","Empresarial CDMX"
"54e194ee-edf7-3a46-9736-1c488715868d","BTL013","Irapuato"
"c4aab7c4-37f4-3723-8824-9e389b17bb47","BTL014","Metro MTY"
"6dd93dc7-ef25-3c3d-95b1-b9fbe8793077","BTL015","Metro CDMX"
"f1bbdf18-e857-3d9d-9d09-f1855008161c","BTL016","Metro CDMX"
"9c3c50c1-332b-3e09-b97e-93ab0c149b4e","BTL017","Metro CDMX"
"f0e0d96c-69bd-3bef-82b8-6f2e62dedcab","BTL018","Empresarial CDMX"
"b6ba5121-e78c-3737-965f-efc0fe7d74fa","BTL019","Metro CDMX"
"4ee4a9db-d65e-37ac-b141-336377ea82e0","BTL020","Metro CDMX"
"ae341fd6-3bf6-3d79-9e2b-a26155512785","BTL021","Empresarial CDMX"
"964dda2c-826e-347e-b9d0-52fe683f26c2","BTL022","Metro MTY"
"a464b291-71c3-3898-9679-427b7789ac14","BTL024","Empresarial CDMX"
"50c6a760-f42d-327a-9533-4f131b02ade8","BTL026","Metro CDMX"
"04f25f61-6087-3c0d-aa7b-e6d96aeb7da3","BTL027","Metro CDMX"
"3a54a03f-3cda-3b6f-8955-4f1e8b461787","BTL028","Metro CDMX"
"362ec9a9-4d71-36c8-bace-8d269f89762c","BTL031","Empresarial CDMX"
"b5140d33-69a3-3b9f-8a85-d92af556a5d6","BTL032","Empresarial CDMX"
"41d2d242-c85d-3654-a3c0-38084bc03258","BTL033","Toluca"
"a61549f7-b2ac-3195-bc5c-c3e106b0caef","BTL035","Empresarial CDMX"
"5d3d54d7-3220-3817-aff0-d78adbb8302e","BTL036","Metro MTY"
"efd08b2a-cdf0-3ae0-b648-ed0b9d09d487","BTL037","GDL_Metro"
"f556413f-ace5-321c-90a8-5746d1abb511","BTL038","Empresarial CDMX"
"5f7f9b3e-76df-3c88-8fe3-af81913cf082","BTL039","Metro CDMX"
"14341395-3a58-3c98-b1d1-851958be680c","BTL041","Empresarial CDMX"
"d37111e5-f439-3c24-bcf7-cae51dbb3009","BTL042","GDL_Metro"
"e7000b84-be80-34a8-a61a-ac036f547e6b","BTL043","Empresarial CDMX"
"4d84088b-4b32-3082-8905-0acf9bf55a99","BTL046","GDL_Metro"
"fdf9772e-f3f1-3894-8cca-d2e773bae0f9","BTL047","Empresarial CDMX"
"0691216b-b9fe-3852-ba74-26ee25026c79","BTL048","Empresarial CDMX"
"d46b29f1-fd5f-3973-8545-d09f0ca28455","BTL049","Empresarial CDMX"
"ee728f2b-e52e-36d4-8159-5cdf90dd4935","BTL050","Metro CDMX"
"0d19be3c-3ceb-30af-be8b-2403bcaa0d8a","BTL051","Toluca"
"f1d50d53-bda9-3070-a357-82158b6d91e0","BTL052","Empresarial CDMX"
"656e0220-79ca-35e5-a67d-8b1b5b485539","BTL053","Empresarial CDMX"
"9eb87585-5932-35fc-8d84-988117150c0e","BTL054","Querétaro"
"091ac221-a9a6-3b22-b377-778fa9e45350","BTL055","Empresarial CDMX"
"9059c76c-a305-365e-9f63-b504fb7accd2","BTL056","Empresarial CDMX"
"58a2659e-14f9-3f06-ae30-f3a914466bf3","BTL057","Empresarial CDMX"
"87c47c12-0cb2-3fad-bd1a-3ac61611e7cb","BTL058","Empresarial CDMX"
"26d9bec3-e76a-3561-a313-97547e35f9bb","BTL059","Toluca"
"e6bc9ad6-179b-38e6-87f0-8e606ba19cb2","BTL060","San Luis Potosí"
"b342a3e3-6a1f-3a1b-a04e-7a4b201467d9","BTL061","Metro MTY"
"e426caa4-624f-36a6-b914-5b2ed132ce4a","BTL062","Metro MTY"
"4c855a44-0dd5-3d31-9438-f0cade8c69f2","BTL063","Empresarial CDMX"
"e2e854b3-9975-3c73-9ea6-9ba783e03370","BTL064","San Luis Potosí"
"83563a84-00ac-3d6d-bc12-ddbe968c43c5","BTL065","Empresarial CDMX"
"836f8706-9091-342c-8022-ddb52717c9ef","BTL066","Guanajuato"
"bf5d1ed0-da25-31ce-bd43-c34183216c61","BTL067","Empresarial CDMX"
"7014bfe0-c4a6-3adf-bc0c-03a035536ad5","BTL069","San Luis Potosí"
"9f8394d3-25c2-3d8d-9c41-ff39259ba9e8","BTL070","Empresarial CDMX"
"950317c3-c884-3fa2-bcc9-e46f86952992","BTL071","Empresarial CDMX"
"99e765a0-eabe-36bb-90c7-24bc76d87198","BTL072","Metro CDMX"
"205c1554-a930-3876-b5fc-27731fc97e28","BTL073","San Luis Potosí"
"1c79e670-123e-3e30-98a7-79082d749286","BTL074","San Luis Potosí"
"02c17b0e-2401-3c77-943f-1a000d1a6daf","BTL075","Toluca"
"a68a4247-252c-3f19-b90b-2c038f6b42ef","BTL076","VERACRUZ"
"cc29d298-92a0-33d8-9150-8355bf018909","BTL077","Querétaro"
"5fc888de-527c-3e67-af11-f33459f7b011","BTL078","Metro CDMX"
"72bc50fe-9c02-3c8c-b326-2a3ebdcfa825","BTL079","Metro MTY"
"038c2bfc-b338-3762-a3d7-ebe9bd237ac5","BTL080","Metro MTY"
"226de212-0ae5-3c97-b01d-20c0ca8aa7f2","BTL081","Empresarial CDMX"
"24b8181c-9e48-3327-a505-c77d3305c85a","BTL082","Metro MTY"
"197b2776-f3a3-306b-85f6-fe822b7370a0","BTL083","Puebla"
"8e52f274-423c-31c6-b84d-a0b7548304eb","BTL084","Empresarial CDMX"
"52622bad-c957-31b5-bde8-0c3bdf4bfcf7","BTL085","Metro CDMX"
"63f5687d-bdd6-3ad1-a193-e7cd9ac90f2a","BTL086","Metro CDMX"
"4a02a90e-92f4-3667-9167-6befe690793d","BTL087","Querétaro"
"2d9509bc-9ff0-39cc-bcae-0624b1ad58c5","BTL088","Saltillo"
"6cbf281a-eb91-35b5-acae-a4ae13cd4cf9","BTL089","GDL_Metro"
"296a367c-fd62-3fa8-8371-7dea765624eb","BTL090","Saltillo"
"2675bd23-51e8-3a23-a2a7-2a5bfe33a7cc","BTL091","Empresarial CDMX"
"1c351025-16fc-33b7-bb1c-8d5de589bea3","BTL092","Empresarial CDMX"
"ead84efe-1d3f-3c20-98b9-718f7a677401","BTL093","GDL_Metro"
"82b7ee16-a9f7-3372-a0d9-dc66915d9ae6","BTL094","Toluca"
"78b43b03-05fd-3fca-9b61-3aa6e3083014","BTL095","Toluca"
"3f687053-6af3-3280-bf26-1f5da7341210","BTL096","Metro CDMX"
"f461e595-48e9-38dd-a39e-cfacabfa33af","BTL097","Empresarial CDMX"
"badecfd7-e3aa-3543-97cc-0e8de8084d4b","BVV001","Tijuana"
"d8269638-0134-33e7-8dc7-30e80aeaa4e0","BYX001","Metro MTY"
"4490df57-7c2d-33ba-a617-d65ddf9a3fc6","C&A001","GDL_Metro"
"d15217af-9ece-3559-8a9e-433864d5ad38","CAFI-3139","Bajas PDE"
"3a8e7605-e6d5-3b0b-8f7b-1ea453a183dc","CAFI-IRA","Bajas PDE"
"25d1d726-5f51-3876-9f37-c3e20ea33ccf","CAME-VALLEJO","Empresarial CDMX"
"8085d4dd-d7ec-3790-a673-44299dcbe695","CBA001","Tijuana"
"55df674c-48c2-4829-9196-a5cc981cfc43","CBAT001","Metro MTY"
"3e3ed0a9-8426-4ef4-92f0-79fa11828ad1","CBAT002","Metro MTY"
"4eefebb3-7fca-40bf-a1c2-d24a1627aef4","CBAT003","Metro MTY"
"23c13ad9-a561-3189-8784-ebc719f1980b","CCG001","Querétaro"
"0d0fbf7a-565e-3368-b5ba-e2b3a3fd547d","CCG002","Querétaro"
"6af8ff95-4673-3b0b-a8db-5d223e7b5991","CCL001","Empresarial CDMX"
"85f22b85-f9cf-32e5-83b1-09bf4478f297","CCM001","GDL_Metro"
"3b9b0454-0e31-39b8-922f-95a40a135061","CCS001","Empresarial CDMX"
"7c9b2f92-dbc9-3b1f-9d22-19e457cecc93","CEL002",
"1240b487-a37d-3e0c-95e8-5aa9785c81ef","CEMEX","Metro MTY"
"b31a4e42-8ae5-3a9f-b5cc-d1b88517e78c","CEN001",
"8a6fc7b5-057a-3817-87b3-3047dbc9c87a","CENTERA","Empresarial CDMX"
"122a72be-b4a6-3d41-a6c5-984a388f9445","CERRITOS","San Luis Potosí"
"8de788bf-5bf0-3056-ab4a-1dd0869567b9","CGA001","Metro MTY"
"e413ab7c-0216-375c-9c3d-a39a5fb442e4","CGA003","Empresarial CDMX"
"3d9de4d6-a73d-3011-9b26-cb32cf0b93bf","CGA005","Metro CDMX"
"d47df541-4a5c-303d-a68f-370993edd28b","CGA006","Metro CDMX"
"bbacc009-d48a-346f-ae99-4c08018ad47d","CGA009","Empresarial CDMX"
"00e34e9a-f529-3859-953d-06bba9c05e60","CGA010","Empresarial CDMX"
"c3dfb563-26d6-3922-83ae-34f8e1de1ee3","CGA011","Empresarial CDMX"
"90050dfc-c06a-38ee-96fb-38135a2d4254","CGA012","Empresarial CDMX"
"37c4fcdd-9137-39d1-9f85-9ab918fe88f4","CGA014","Metro CDMX"
"60663ccc-c143-3457-84ec-07e5a9ee749d","CGA016","Metro CDMX"
"db4c6f23-e403-32a8-b932-50f531619890","CGA017","Empresarial CDMX"
"7cc7bf17-2ab5-3e5a-ba1e-9ac5add5d6db","CGA018","Empresarial CDMX"
"e5e99839-ede9-39c9-aff7-6112e5f72b0a","CGA019","Empresarial CDMX"
"419a3c67-2a4d-3c31-9506-be01bc248b72","CGA020","Empresarial CDMX"
"d9c85c0e-32ed-36c6-94b3-a097a72cfb97","CGA021","Empresarial CDMX"
"462fd6bb-77c0-3626-8db4-f4c4e07ce046","CGS001","Empresarial CDMX"
"a2742f1a-f34c-38ae-a8ad-8da2523a3baf","CGV001","Querétaro"
"0832d82c-beb3-377b-9aac-5e0d78748682","CGV002","Querétaro"
"31c90131-ceb0-30ae-9957-e2a5e8fa6cd1","CHA-401","CHA-401"
"a5f03fe2-0452-3efd-ae70-8446b3de2515","CHA001","Toluca"
"f2c6592d-c33b-307f-bcc3-1e38010daefa","CHI001",
"91188652-1524-35e0-a38e-996b5a690306","CIH001","Empresarial CDMX"
"fb855db6-cec8-3877-8fe3-ad1e8599956e","CIN001","Empresarial CDMX"
"9d5a6044-da2b-393b-b305-dafe1e647803","CMA001","Metro CDMX"
"76e69a00-7624-363e-919b-811f45297503","CMA002","Metro MTY"
"4a8ff73e-0f38-38c2-a609-db87f92cb419","CMG001","Empresarial CDMX"
"f9a4625d-c13d-32ab-b860-48c7a0fe22c6","CMK001","Empresarial CDMX"
"421ea142-1077-3b42-8a97-58061a64fc67","CMM001","Tijuana"
"2f1eec26-9689-3ded-9b3f-da914223ea67","CMM002","Empresarial CDMX"
"9a6df5d3-e125-375a-b9c2-2114f2731b10","CMP001","Metro CDMX"
"8f293c85-e226-34f9-8c95-37a677d38003","CNE001","Empresarial CDMX"
"cf21e542-7779-4d9a-a6ac-8cf8f23f2328","CNH001","Metro MTY"
"075af88a-4703-3f5f-aef4-c99db0936f91","CNO001","Empresarial CDMX"
"c97b8324-8fd4-3ed1-8a73-12e3f849b7ee","CNO002","Empresarial CDMX"
"3853c9dc-2173-3e00-bd12-f61e67054d65","CNO004","Empresarial CDMX"
"76acb74d-a85c-30d7-a685-d9a8f277ea64","CNT001","Metro MTY"
"25a1ff56-8602-3e5a-bb75-2128cfbc9459","COG003","GDL_Metro"
"9a0a3a4a-bfff-389b-95cc-d7edabd09948","COG004","GDL_Metro"
"b963c184-771f-3886-8c01-4c6e849292db","COG005","Metro MTY"
"707ad84c-5771-3240-a1af-d43dd5477600","COG006","Empresarial CDMX"
"c83270d5-d777-3818-97f5-3d6cec92dd68","COG008","Puebla"
"a134301c-f54e-3fc8-acb0-29f80cbbc232","COG011","Empresarial CDMX"
"a7fe4448-1004-3cae-8f81-bbcc17c95cdf","COG013","Empresarial CDMX"
"c07c0514-bb8b-3979-8a99-7d43a52fd631","COG014","Empresarial CDMX"
"c324ee06-3d0f-3242-ab5f-4fcf119dcf4a","COG015","Querétaro"
"be74ac0b-ac36-3c20-8ff4-375b8a7682cf","COG016","Metro CDMX"
"17ac5413-a99e-381d-be2d-29fe25c0abf9","COG018","Saltillo"
"eda0a141-a3ee-35d8-83d9-7fd2bb6c04ea","COG019","GDL_Metro"
"90c9b466-48b8-3f18-bbf9-02a284e6acb6","COG020","Empresarial CDMX"
"4555ab27-a9f3-3e35-93a2-4d66fe0bb67a","COG021","Irapuato"
"beaf0b06-7dfb-369a-bdc7-f3fdd7520c30","COG022","GDL_Metro"
"3b3656f6-86e7-31e2-9438-0096e2db6762","COG023","Empresarial CDMX"
"ed5f20c7-8b43-37db-acad-e2f49094342f","COG024","Empresarial CDMX"
"a572c5d6-1a71-30f1-bd59-fcbf459a2cfa","COG025","Empresarial CDMX"
"398ce0ae-041e-3f52-9577-e0755ef6b46a","COG026","Empresarial CDMX"
"cb8d6c39-98ed-375e-9252-0c20742f75c2","COG028","Aguascalientes"
"1b4f62b9-c6fb-35c6-bb77-1837721722f2","COG029","Empresarial CDMX"
"5ef502f9-c6ec-33df-92ba-e172d61341b8","COG030","Metro MTY"
"461e6c81-d116-3530-9840-6c74bf0ad3c8","COG031","Metro CDMX"
"fc85ff2c-73e1-31b1-9bcd-fb42ff0aac60","COG032","Metro MTY"
"0b09c491-e054-3d53-8af0-755f36212d1b","COG033","Metro CDMX"
"c71e92be-c46a-3db8-8a92-ba2a9f1a8b32","COG034","Querétaro"
"737e475a-9647-3a0b-a85b-0146c1ecb94d","COG035","Empresarial CDMX"
"cd450476-949f-3b2c-9dfb-c17e74fea8de","COG036","Empresarial CDMX"
"e2539f49-69f3-3b09-b008-7cb5aeea6af2","COG037","Empresarial CDMX"
"cb406f23-f7f8-3d8f-9943-c03cb5702f62","COG038","Empresarial CDMX"
"f24d7cf1-ca98-3fca-b7aa-039d24178b51","COG039","Empresarial CDMX"
"b1ed3d4a-1e2c-3081-865e-e3912d00ef22","COG040","Empresarial CDMX"
"6e592d1d-1b86-3ece-b293-50856da1007f","COG041","Empresarial CDMX"
"cdf407d9-7a03-3c0f-bbf0-ab07743d1b2f","COGNIZANT","Empresarial CDMX"
"bdaf0da8-e28a-3fb8-b70c-e532f16bf247","COO001","Pachuca"
"adfbc889-b22a-3dc9-9ec4-cf7c25eab8c0","COR001","GDL_Metro"
"efd56cde-2c2e-363a-8a98-680d19b456ac","COR601",
"502694c3-ad0f-3cd3-b33c-9f4a956af484","CORTIZO","Empresarial CDMX"
"692baa3b-de57-3710-8733-d60e3d8920a9","CORTIZO_ICTVALL","Empresarial CDMX"
"ae86c84f-6465-35b3-b37f-01de6c2dd1aa","COV001","Metro MTY"
"95e60948-73e5-3e4e-83ab-79e061390ac8","CRAYOLA","Metro CDMX"
"fa47278d-395c-3300-8d65-9f5412a1892e","CRE001","Metro MTY"
"2dd0aaaa-f07e-3f06-a057-4764c08e7384","CRS001","Tijuana"
"ae062aef-47e4-3004-86b3-890e480893e2","CSI001","Empresarial CDMX"
"0b0cc7db-c72e-380a-97f8-869d2a9ed054","CSV001","Empresarial CDMX"
"bf29dfcd-589d-3214-a404-da1e7f882e9c","CT1001","Empresarial CDMX"
"605f9e8b-1789-3961-98aa-e57e2637914d","CTI001","Metro MTY"
"cb990377-c127-331d-b2c4-5eba0bb35b14","CTS001","GDL_Metro"
"ad0531f7-7293-31ea-9ac2-71f6188881a0","CUE001","Metro CDMX"
"5bf3aacb-8fe7-3a01-b7e8-872ae9a5519a","CUEC001","Querétaro"
"11079b70-00e1-34a8-88d8-e63f92a1b593","CVA001","Empresarial CDMX"
"7ab52d75-0cb8-3a06-ae1e-9db1a38270b6","CVT001","Metro MTY"
"0bc39a27-9b67-34b9-9b49-d1bd7bf19a8a","CXI001","Empresarial CDMX"
"be2be4d7-e229-35a2-80d4-c99402d0bf39","CYC001","GDL_Metro"
"9ccf73a7-73cb-3ab9-84d0-c158e48058c1","CYU001","Metro MTY"
"38942a2c-6e30-31a4-be5f-f2c0942aab30","DAL001",
"7429becd-c95f-3ea3-8b01-9c589451d1a8","DAL002",
"4c2826d2-6202-3307-ba66-a30e146f3546","DAL004",
"5a3a74d7-d7fb-38a5-bea4-dc22b8c9243a","DAL005",
"e74010ba-dca4-382a-adb8-d37cb0f0e7f3","DCO002","Aguascalientes"
"c4889809-2378-34e6-8a9d-6b92bbdf2656","DCO003","Aguascalientes"
"fa710e3c-e2a3-3b25-9a9a-6b6503a7ebb8","DEM001","GDL_Metro"
"669d41ef-d2c4-3a09-a143-265835536cae","DFS001","Metro MTY"
"9513615c-5fbc-33b2-9ad9-2b3c61eeab19","DIR001","Empresarial CDMX"
"8461e604-95db-3552-9f8f-1c0aa529627f","DKE001","Metro MTY"
"f828b087-4f66-3642-9a25-9f782eeaa524","DLT001","Metro MTY"
"8d97aacf-79c4-359d-883b-9afaae463657","DLT002","Empresarial CDMX"
"065f381e-5efc-3c15-8b8a-880b9c31d000","DNG001","Empresarial CDMX"
"6a84ed19-e53b-3480-ba60-ba4a4868a792","DOR001","Metro CDMX"
"6e50b0a1-7661-3a95-83d2-3d2f7d172e56","DOR002","Querétaro"
"9834758d-208c-3609-97ab-a7103b2685a0","DRA001","Empresarial CDMX"
"c7efc3f2-d2a5-372b-b92f-20182c30fdc1","DSH001","Empresarial CDMX"
"ad96ed03-1a99-3081-a719-d119a98266f9","DSH002","Querétaro"
"4a9b6817-4074-3b2b-8e62-edbace1a0573","DSH003","Empresarial CDMX"
"01fc5800-c38f-372e-b55f-dc7348056027","DTA001","Toluca"
"e84ec320-2475-3d50-944f-10eb62666ce3","DTA002","Toluca"
"d0a57c3d-cf0e-3e07-a37c-cd76e347c43c","DTA003","Toluca"
"f8459acb-8dad-3906-8904-a37079b475e7","DTE001","Empresarial CDMX"
"acf344fe-8365-3b71-8be3-57ce636a4dac","DTE002","Empresarial CDMX"
"9d933448-ffa8-3624-9b87-3222f83ee450","DTE003","Metro CDMX"
"e77a9d84-62d6-30aa-b512-5809ed6e8815","DTE004","Empresarial CDMX"
"38404187-246c-39b6-ab84-27a653d5905d","DTE005","Empresarial CDMX"
"b30ac17d-7234-39dd-afd2-574cbddf9846","DTE006","Empresarial CDMX"
"95a12cb1-be55-3e0e-b9e0-647793444e1c","DTE007","Guanajuato"
"b2a908e3-ec2b-356c-89ab-0d8c4f6b9420","DTE008","Metro CDMX"
"3d939019-11b6-3908-8cde-8de50e2369dd","DTI001","Metro MTY"
"9707f5c8-b377-30d5-95ee-7c7e731697f2","DTW001","Querétaro"
"11a191d0-5fd6-386a-9b9c-429725b970c7","DTW002","Querétaro"
"39bca2c9-2e5d-3df6-b708-344303abd932","DYT001","Metro CDMX"
"af1d63d1-57b2-35f8-ba9d-c45e9f413ddf","ECC001","Empresarial CDMX"
"cc2110d9-3827-3530-ac70-c61029af0bf4","ECC002","Metro CDMX"
"9337f153-23bd-36ee-a204-4083e134c8f3","ECD001","Empresarial CDMX"
"deb23df5-8497-366a-982b-6ef0a55fc39e","ECS001","Saltillo"
"0aab623f-fd8e-36fa-a7e1-e6c14418d99e","EDC001","Metro CDMX"
"084ec20b-1b4b-388b-b3f3-68c894b35a14","EDG001","Metro MTY"
"5de514fc-7d66-33f6-82d1-9a97b3733998","EFC001","Empresarial CDMX"
"7383f341-0d0a-3c88-85a1-a31ccac74943","EFC002","Empresarial CDMX"
"c8c6c14f-b285-3360-88fc-352209103835","EFM001","Empresarial CDMX"
"71dd9e97-6c30-3154-8527-e1f1ce57e6f7","EFM002","Empresarial CDMX"
"32856e00-115c-3dd4-96fc-48bf214e0a9f","EFM003","Empresarial CDMX"
"210ff8fb-f463-33b4-9487-3bf746f5e38e","EFM004","Metro CDMX"
"92adb093-b318-35bc-82ab-39822b53df85","EFM005","Querétaro"
"17ca2101-d236-348a-9f02-2bfef6b2ed9e","EFM006","Toluca"
"f1659208-c321-3813-8433-3431916bcd3b","EFM007","Puebla"
"8f6329fe-7534-3b48-9a92-5ded8953097c","EFM008","Metro CDMX"
"181c793a-8bf7-3f4b-bb6c-3e0c5a6a31aa","EFM009","Empresarial CDMX"
"725a5511-7b95-306c-856e-40a468575d6b","EFS002","Metro CDMX"
"759b3184-097e-3ce0-b770-584fafea6eeb","EKK001","San Luis Potosí"
"8f58ed85-67d0-3a6e-9c72-f266b48bec62","EKK002","San Luis Potosí"
"08ae6b4b-9042-33f0-9824-45a463bf63a1","ELARA","Empresarial CDMX"
"5bfd6a30-be63-3cf2-b743-b813bf5b322c","ENI001","Querétaro"
"eb186455-c84a-393c-9486-8dfaace7c7ec","ENI002","Querétaro"
"b7aa02af-9a9a-3aa8-bbcb-1a17cb04ba4a","ENI003","San Luis Potosí"
"3ada5ac0-c509-3379-84f7-91d34065efed","EOP001","Metro MTY"
"c2ca2076-1c84-38c3-b0c2-389fcbb2cc5b","EQN001","Querétaro"
"7963768a-abda-3855-9228-593b2e754b48","EQN601","Equinix_Queretaro"
"a98891a0-530f-36c9-be83-d83c9ae1f0ad","EQN602","Equinix_Queretaro"
"c83bdcae-eca1-3b4c-b0cc-1b55775ec03d","EQUIPOPRUEBA","Empresarial CDMX"
"d4c3bd6d-60bd-3436-9b96-14e24d72c167","ERO001","Toluca"
"89f76b3d-5369-3266-b018-3917ed9ff4e8","ESP601","ESP601"
"1d63dc69-c9a8-3481-9ef6-7c2a2fd54db0","EST002","Toluca"
"2146f107-0dd9-39b8-a551-76c2ee2a1183","EST003","GDL_Metro"
"dfc01fe4-ddea-3fc7-868a-648e295c4bd2","EST004","Metro CDMX"
"9c5cf5e5-2025-32fc-99a9-f02d98331905","EUZ001","Empresarial CDMX"
"c17c3a5e-fd44-36bd-8a0f-f98afdf41666","EWP001","GDL_Metro"
"ecfc2223-a790-39c0-a50e-35621b60c2b2","EXP-401","EXP-401"
"be7244d3-46b2-36d8-9507-8f517c132b3b","EXP001","San Luis Potosí"
"9bcec27a-ddca-3e77-895e-3df743f3fe24","EXP002","Metro MTY"
"30d30b75-7850-342d-8059-969a77ae9878","EXP003","Metro MTY"
"a6cdb12d-264d-3b0d-bcd7-2cf03b10fe8b","EXPORTEC","Toluca"
"5e5f938c-2a62-363b-8a1c-dcd2aebae09e","FAM001","Metro MTY"
"6fbb1db0-25eb-395b-ad2f-014419614f65","FAMSA_SJ","Metro MTY"
"ec107169-af2c-38f8-9c51-fab03e245b6d","FBW001","GDL_Metro"
"d66cf600-6788-3041-b265-2e69835cea6b","FC-VALLEJO","Empresarial CDMX"
"ed92549a-d57b-364e-8e11-d81e311961c3","FCC001","Empresarial CDMX"
"4cba0cb3-de31-35db-b00c-ae9d2eadc692","FCN001","Metro MTY"
"9728e202-124c-3edf-b9a3-7148ca9df916","FCN002","Metro MTY"
"4eeaf3a5-12be-3d19-ac56-c36596c97f41","FCS001","Empresarial CDMX"
"f9167284-a0e4-3c3c-a41d-78c3d2e79e5c","FEC001","Metro CDMX"
"973cdae0-024b-3ca0-8881-8721586dba9a","FIN001","Empresarial CDMX"
"0488a76c-3917-32e3-94c5-c8044a8826e9","FIT001","Empresarial CDMX"
"3b5a0a4a-b1d9-3852-905c-5fd81cac3c75","FNC001","Metro CDMX"
"080a5542-73fe-3c66-84e3-b13a0a1f0251","GAB001","GDL_Metro"
"8d611029-a23a-38dd-ae10-60a8ccd30dbe","GAB002","Empresarial CDMX"
"b1b80e5c-d551-3b67-920e-3cf8c1f26787","GAB003","Metro MTY"
"a2fb61e0-522c-3466-ab36-c0fc761fe006","GABSSA","Empresarial CDMX"
"e02d82a5-bf47-3205-9f49-ab715f1760bd","GCA001","Tepatitlan"
"3fb77a20-33a8-31f9-b7e1-9460ea61f403","GCM001","Metro MTY"
"80c76341-bb14-3e32-b77e-8a49f5c1670a","GDL001","GDL_Metro"
"0f88bee9-ebae-351d-98f0-b8e746c318be","GDL002",
"f6e1bdec-59e8-3fd4-b17d-c0df37963e92","GDL003","GDL003"
"ed37e28c-aebf-3778-8618-70aec1038dca","GDL004","GDL_Metro"
"0ef675c2-327c-3c46-87b2-472b1c16d4d4","GDU001","Metro CDMX"
"4c23c17f-596c-36ee-ab42-e27b009f1474","GDU002","Puebla"
"1faa40b9-b5a4-3981-a1b8-e718c3b61fe4","GDU003","Tijuana"
"992243a2-c5cf-327a-ae9d-5e0d0332387c","GDU004","Metro MTY"
"cde07c69-2807-399e-9f56-759e41110592","GEM001","Empresarial CDMX"
"fc865f04-9186-39ac-b947-34ff7c48cfeb","GFB001","Metro MTY"
"5caead51-bdcc-3c35-a814-7691c5deacef","GFB002","Metro MTY"
"26e48ba0-4286-3c94-8242-6488517e05a9","GGP001","Metro MTY"
"4c73a262-6eaf-376f-aadf-2697258acb99","GHE001","Empresarial CDMX"
"daf0f698-1324-3e59-aa93-1f4f5cda5db7","GHO001","Empresarial CDMX"
"99a98218-f61e-3668-a032-0810d5d3f9a3","GIC001","Toluca"
"f4c58afc-42fc-3be9-9926-8892a36c99e7","GIC002","Toluca"
"3e94a5e5-0442-36a6-b805-2c53b658ae58","GIC003","Toluca"
"eb6f7729-2a4b-368e-9381-a9b693ec31f2","GIE001","Metro CDMX"
"3ebaaca2-51b5-3349-8a50-6d975b573de0","GJM001","Empresarial CDMX"
"b93aad17-6387-39e0-818b-e6a2c6a483bc","GLR001","Tijuana"
"64f3bd17-41ab-3d6b-a545-a1ae09bb8728","GM","Empresarial CDMX"
"0ac9ebda-ee08-31c5-bcb3-221724271d0f","GM-POLANCO","Empresarial CDMX"
"e19e5ea9-07a3-3e33-845a-01f46be51593","GM-SLP","Bajas PDE"
"70e480d7-dc20-3280-8569-cd9c6292ede5","GRE001","Guanajuato"
"2878a875-fac6-32cd-8851-e931f8381139","GRI001","San Luis Potosí"
"07911929-6f50-3f08-8265-1b00ab390307","GRO001","Metro MTY"
"bb57adf7-034c-349b-b749-0980144056cf","GSH001","San Luis Potosí"
"7e6db78d-787d-3f33-9fa2-38bf451895d4","GSV001","San Luis Potosí"
"4b82501e-fb32-326d-a1d2-a623740e45f9","GTI001","Metro CDMX"
"1e942f5c-aee8-32c6-859d-ff9aec39464d","GTI002","Metro MTY"
"12d8253f-884a-3645-b251-48677fee5a2b","GTI003","San Luis Potosí"
"448ab737-560c-342f-a96a-3b6eb70fcafd","GTI004","Empresarial CDMX"
"32c623c5-ec0d-33ee-9044-774d16f4ee4b","GTI005","Tijuana"
"d339b980-93df-3f01-984f-e1c979a26454","GTI006","Empresarial CDMX"
"748d46cc-39f3-3bbd-af37-cbcae6c83382","GTI007","Metro CDMX"
"e7f130be-11c8-33b4-b4b0-87e191f6eb8b","GTI008","Metro CDMX"
"e51b7683-0f5d-3d7b-be72-9a74d6d66412","GTI009","Empresarial CDMX"
"5cf42439-9cd4-3bdb-8e7d-1f0c935ef335","GTI010","Metro CDMX"
"5590e59f-f387-3c45-81cf-b72bcaf05083","GTI011","Empresarial CDMX"
"e0de7615-fe22-3821-82e7-b1c1d173d44c","GTI012","Tijuana"
"1aabd9f7-afa2-3878-bd96-82b8e87cbb2b","GTI013","Empresarial CDMX"
"07b0ef4f-f861-330a-94f6-dd416479ff7b","GTI014","Toluca"
"8d189b0e-4bd3-390e-a6f1-b17263f0f2f9","GTI015","Querétaro"
"13b4ed26-119d-3b93-afc3-7fa8fda87281","GTI016","Metro MTY"
"61916e09-a1d1-3e31-9825-5a1ea8572fdb","GTT001","Empresarial CDMX"
"694a28a0-e78c-343b-9d24-30ca31cdc8b5","GTT003","Metro CDMX"
"9ff76165-d34c-3f9b-a535-cea6c739261b","GTT008","Empresarial CDMX"
"47fa008e-025c-3d2e-9d73-ec6a44b68f9e","GTT009","GDL_Metro"
"2213f479-f1f4-3b87-ad07-aa5bb4916867","GTT010","Toluca"
"b032f971-a04a-3beb-abf9-e494702bc856","GTT011","Metro MTY"
"1383a679-afbc-3356-9dbd-478eb12d2f7a","GTT012","Empresarial CDMX"
"8126d4bb-f9a5-3161-801e-22b330f1eba5","GTT013","Metro MTY"
"43bae461-96d0-377b-af98-452a1159319e","GTT014","Metro MTY"
"d604ba9e-ce85-3005-af56-233f0aa60698","GTT015","Metro MTY"
"38ee8dfc-6b66-3f65-809a-4aaf084dc11d","GTT016","Metro MTY"
"5e13fc2d-ab06-3d78-af0c-c2bcf284b12c","GTT017","Empresarial CDMX"
"b88b0537-d306-3fa5-83af-7e263bb969d0","GTT018","Empresarial CDMX"
"9081dbb8-6c39-31c8-91fb-af628694334c","GTT020","Metro MTY"
"a0f3c45c-7bc0-3286-a49b-04624a899b5e","GTT021","GDL_Metro"
"67e7778c-ae99-3b46-b0f3-b4ea3eaa91a9","GTT022","GDL_Metro"
"ba95d852-845a-38cd-9c53-d9f7a085f3f3","GTT023","Metro MTY"
"0cda611c-44f1-3833-be14-43f383ccf2ef","GTT024","Metro CDMX"
"3bd5122c-51b0-3444-876e-dd469b2d72fe","GTT025","Puebla"
"8464fe49-83df-3572-b2c7-b062f1d018ba","GTT026","Metro CDMX"
"59947dbe-21fd-3594-a29d-d0bc7b8359a8","GTT027","Querétaro"
"7ea3212b-ea19-30d2-96f8-b0a0edb666fb","GTT028","Empresarial CDMX"
"f05e8fb5-9eaf-3705-be50-1b2ad4fce30d","GTT029","GDL_Metro"
"d677662b-4ff3-34dd-aa9b-373976f9a3d3","GTT030","GDL_Metro"
"70ee9350-9d73-38bd-adc5-576e357752ad","GTT031","Empresarial CDMX"
"bef132fb-4873-3946-9329-fb8bbc33dfbe","GTT032","Querétaro"
"72260ec0-aeb9-3ab5-9e4b-ef2ec24be14f","GTT033","Querétaro"
"65ae067f-0955-3ca0-91a5-846f6f465cb4","GTT034","Tijuana"
"6020a79a-bbe7-31fe-9ebf-5b6f61bd9825","GTT035","Empresarial CDMX"
"7b59181c-b1df-3adc-84ac-baf0b1f15648","GTT036","GDL_Metro"
"0963acaa-6ae4-3d77-8985-cf949b895e5b","GTT037","Metro MTY"
"2d7bf3c6-cdac-3232-a4d9-215377e5705c","GTT038","GDL_Metro"
"4583cbc1-ce61-3b8c-9b61-6d791df47cde","GTT039","Metro MTY"
"39e33a44-e464-384d-aaa3-ebd069e1ff3e","GTT040","Saltillo"
"806049bd-041d-3062-b54e-0b588155c3d9","GTT041","Saltillo"
"80db7e65-be16-3121-bc37-f1242ed45eb3","GTT042","Querétaro"
"f66b365f-f5b4-3b39-8715-e821033b5b65","GTT043","Empresarial CDMX"
"bcc6959f-0b49-354f-96c3-f5f92bb12b3e","GTT044","GDL_Metro"
"76b7b72f-35c9-3db1-8e3e-0467d4e14d3c","GVS001","Metro MTY"
"be99b3eb-bb3c-3141-9051-628408ebc5b6","GYM001","San Luis Potosí"
"0d353e13-32bc-3ad9-bc13-75f6f8fba9a5","HCG002","Tijuana"
"f55b6f2d-1983-3969-975c-ec0306b38c17","HEB001","Metro MTY"
"0c4c2df6-e973-3bc7-a292-847996062290","HEB002","Metro MTY"
"6cd25905-a32c-30cf-bf47-273d27a0b985","HEB003","Metro MTY"
"12dd3695-3695-3d17-93d4-7e50d586fc2c","HEB004","Metro MTY"
"b4ad9fb4-eab6-3139-a684-332ee33d1f1a","HGA001","Empresarial CDMX"
"e913a9b8-976a-3394-ba4b-2615d0799f7b","HGC003","Metro MTY"
"4d677e2d-b13e-3ff7-9dbb-e46a879efddd","HML001","GDL_Metro"
"052c1f4c-a385-3837-b525-c1d9d6b35c26","HMN001","Metro MTY"
"d34704c3-8b0d-342c-953d-4a4f4fea80c1","HOS001","Metro MTY"
"68d5e2ba-c941-324b-91bd-00812ed102b1","HOT001","San Luis Potosí"
"f293dff5-9cc5-3c19-8a19-7e1d4048d88c","HUI001","Matehuala"
"1c9d6529-2c1f-3a7a-a8c3-23af9ead0216","HUI601","HUI601"
"974a115a-df07-319d-95ab-04f1112f9e1f","HUS001",
"3d153424-8e22-32f6-9d1e-87f6b2e82d8b","HUS002",
"e3556e29-bc2c-301a-a7c5-0031eafc3d76","HUS003",
"c6a8352e-cb5a-33ca-9d92-77159e0b4635","HYM001","Metro CDMX"
"a118fc54-3d06-33a1-9347-64ed8afb46b6","HZT001","Metro CDMX"
"57a85df0-fcce-3f84-98d3-bed51e9221a8","HZT002","Metro CDMX"
"bff93ffd-d8a9-398a-a236-58a8e28fc09d","HZT003","Metro CDMX"
"290e3510-7155-31b2-bd68-1f8ec9aaeb86","IBS001","Empresarial CDMX"
"6e45b396-1d28-37a6-aeda-31b0f2621a10","ICO001","Metro CDMX"
"9402e8a0-d1ed-3b4d-b4da-cf997f2306a6","IDO001","Metro CDMX"
"795f4693-afe4-3c6d-bb7c-1151322ee55d","IDO002","Metro CDMX"
"e8f7bcd1-9fa3-313f-a6ab-6a4694abbd36","IEE001","GDL_Metro"
"141ca78d-f53a-32a5-92cf-9efae3dc1544","IFX001","Querétaro"
"33e481f5-2a33-3241-b994-190649c06d36","IFY001","San Luis Potosí"
"d0d2d57e-e4bd-339f-a370-9db9aa8c770f","IFY002","San Luis Potosí"
"fc730c37-18ed-3c48-acb0-aa1c3af53c7b","IGN001","Toluca"
"b3c1d370-f522-3ba2-9986-ca5e7fc38fd2","IGN002","Empresarial CDMX"
"62c49ee1-d24d-3a73-a08a-7269ac63b690","IGN003","Toluca"
"37b01f2b-b10a-3d45-8bd4-b6a4bb3c08d9","IGN004","Metro MTY"
"e7cae1c3-cba3-379f-b2c8-4d86437dc6fa","IGN005","Metro CDMX"
"831026ec-ac9d-334c-ad94-f471fdb1cac0","IGN006","Empresarial CDMX"
"5df2323d-2d48-32ae-8984-4cdf5729b10c","IGN007","Empresarial CDMX"
"5dbafa92-822a-35c2-ab43-98f709c8d53d","IGN008","Empresarial CDMX"
"313c2882-efa3-37b1-bdfb-fde79abf37f4","IGN009","Metro MTY"
"b80d7c29-cb98-3573-a70e-6775157490e7","IGS001","Empresarial CDMX"
"e64adf41-b781-3ad2-af63-c6fe2d00499a","IGT002","Metro CDMX"
"a4da9483-6574-3c84-ab18-0ae3c1433ebf","ILL001","GDL_Metro"
"d07a3e3d-8d74-3609-af8b-e241f4bb7743","IMC001","Metro MTY"
"3429cf2c-1d2e-3711-ad64-b8bab55e1667","IMC002","Metro MTY"
"fa0a8824-84bf-36c0-acb4-9514fefd818d","IMC003","Metro MTY"
"ff3046d2-90c7-3498-ad10-0d35dac6e317","IMC004","Metro MTY"
"cf810d46-12fe-3a7f-a1ef-688445ac9afb","IMC005","Metro MTY"
"48ed4aff-8765-3627-bf23-9d33e311c7e0","IMC006","GDL_Metro"
"74386435-5f4b-3a66-a27b-7e8fbca94cbd","IMF001","Metro MTY"
"6d5f6216-e285-356d-8e70-e34f9a411977","IMI001","Metro MTY"
"2e9c4e12-d96e-3715-a468-06fe6af81db5","IMI002","Metro MTY"
"712f47cd-0a55-39a3-ad1e-417aa546590f","IMI003","Empresarial CDMX"
"f4bf3f4f-f8d1-3c36-ac31-efc61a8995fe","IMJ001","Empresarial CDMX"
"adfde53c-505e-32f6-9ac8-3ba303d85e26","INH001","Empresarial CDMX"
"610e49df-5ff9-3846-bb1b-4ec382324987","INI001","Empresarial CDMX"
"431ee459-7831-3499-8ab8-ca890c020afe","INM001","San Luis Potosí"
"2e76b94a-1120-3f1c-a829-e083e5ebdd8e","INS001","Empresarial CDMX"
"eb525640-4926-3866-a762-88f2153b6bc7","INT001","Empresarial CDMX"
"06deb57c-dcea-394f-82e7-f880d660f0f5","INTEGRA","Metro MTY"
"a098aa6f-23d5-3acf-90ec-acbbe6c82ad0","INV002","Empresarial CDMX"
"37572f27-6c56-3f21-b2ae-26252250dd23","INV003","Empresarial CDMX"
"b5d96623-48cb-347b-b2bd-54f55eec770d","INV004","Metro CDMX"
"cb8e817c-edc0-3f1e-a4b5-3b91e61eef8a","INV005","Metro CDMX"
"dba9a333-b610-386e-9760-ea7e34d299c8","IOS001","Empresarial CDMX"
"f8fcd384-6574-34e3-8303-764500d2b31b","IOS002","GDL_Metro"
"3b2fa5e9-f6d8-31cc-be46-67f3da902a4e","IOS003","Empresarial CDMX"
"fb457c0c-3637-391e-b76f-224aa53a7738","IOS004","Metro MTY"
"2d62577d-c789-313f-8558-3b7e9da6c5b7","IOS005","Empresarial CDMX"
"b1b1cf4d-6a7e-30b0-a612-660d09f7de72","IOS006","GDL_Metro"
"192a5fbe-2702-3126-9e61-fbdcbc4378a0","IOS007","GDL_Metro"
"2b75cbf9-9564-3aec-8a5d-ce774c102c14","IOS008","Metro CDMX"
"7fb7ae82-eb63-3006-8748-1545246d6464","IOS009","GDL_Metro"
"2f2c7e16-d82c-390d-8a57-0b43d87c86a9","IOS011","Metro CDMX"
"a965fc9a-7e33-3691-abf5-e9e3b9279f65","IOS012","Empresarial CDMX"
"1e14baa6-5414-3b96-b26b-beab82f36e5a","IOS013","Tijuana"
"a748b538-c2f9-31ca-8632-1e3cff86114c","IOS014","Metro CDMX"
"577aee05-7d4d-3c06-a85c-61c53e0c51c5","IOS015","Empresarial CDMX"
"54e436ef-c9e3-3868-95af-689690f09021","IOS016","Empresarial CDMX"
"9d160aea-4edd-36b0-8ad1-2b98ecf57c41","IOS017","Empresarial CDMX"
"ba440871-e3d6-3b5a-a2df-fdb0a788ca20","IOS018","Metro CDMX"
"97d30b02-db93-3309-a24b-bacbfd102a93","IOS019","Empresarial CDMX"
"0165bbf8-14ef-3ac8-b46a-7d971ff7678d","IOS020","Empresarial CDMX"
"6d57f7bd-8940-3d3e-9165-4712d63efa3d","IOS021","Metro MTY"
"72bbd182-f9ce-3e80-b135-b21e5820fb31","IOS022","Guanajuato"
"6d3cc0b6-98ec-3c0d-944c-ee02caea228c","IOS023","Empresarial CDMX"
"c89f363d-d710-3f15-a5f1-a6c94b1a126f","IOS024","Metro MTY"
"dfe0e6be-ec39-30dd-858e-80dd056c3f8e","IOS025","Empresarial CDMX"
"548bbdda-0e00-3bdc-a3d9-02b2b056f02c","IOS026","Empresarial CDMX"
"e0461a32-c253-3f4d-bd89-86a70ba2c07a","IP_ONLINE","Empresarial CDMX"
"2ad36192-94b9-3732-9799-e8c64f880647","IPB001","Empresarial CDMX"
"70391925-b014-305f-a5fc-a897ab4ed19f","IRA002","IRA002"
"f2668fc9-4cb5-3b05-83bc-3196b2d91677","IRF001","GDL_Metro"
"9bff8a57-3dda-3421-995a-128b9aa4aaeb","IRR001","Metro MTY"
"9e794ba1-740b-3c32-b47f-1b30ce87823d","ISI001","Bajas PDE"
"d9da50ec-ac9b-3435-9d43-c19b192f5ebc","ITP001","San Luis Potosí"
"32c62d36-416a-3b3c-b9bf-2ea2af341db8","ITP002","Matehuala"
"aad1299f-9528-3b6b-9b61-252c20f5e9cb","IVC001","Metro MTY"
"b6bea85a-e854-3e7c-b427-2351788c85f5","IVR001","Toluca"
"6f12361f-fd24-3448-a61a-b6ec52f24de4","IXT_001","Toluca"
"691d8f84-edf9-30a4-b5e9-71b93cb03785","IXT_002","Toluca"
"adda634d-87a7-3e3e-9c59-77264fb4246e","JDR001","Metro MTY"
"db3a6a09-7b00-360b-96d9-9611f28cb526","JDR002","Empresarial CDMX"
"d75284e8-c753-30fc-8af5-779505c5f440","JDR003","Guanajuato"
"b2fc81e0-340a-3bc9-b2fc-4a95b071b719","JLC001","Empresarial CDMX"
"6f54580e-3f6e-3017-a4f9-20547a503802","JOB001","Empresarial CDMX"
"8d14e923-b79c-354b-a3cb-6aa7fa2b303a","JPE001","Metro MTY"
"46420d5d-59bd-366c-ad93-f279078107f1","JPM001","Toluca"
"04b2ff90-8697-35fe-a4c6-d87822bbaf31","JPM002","Metro CDMX"
"18fe1c02-9b4e-37ea-a56e-9008ce6b708e","JUA001","Matehuala"
"635f4c94-7e48-3aa8-85ae-d44facae3d50","KAL602",
"b312279f-bb5f-3e45-bde3-cec968006d90","KAL603","KalosMty_WS5"
"9b23c2ae-d84e-3a8c-ae9d-4f8ac3ef2479","Kalos","Metro MTY"
"dcf2b056-6b81-30dd-a9af-7d7179e31343","Kalos2","Metro MTY"
"9d245e0d-f64b-3b9c-b965-9e7656d13c63","KBT001","Metro MTY"
"ddfc8c86-6bee-3c04-be4d-57fff4e6f7d7","KIO-INTERLOMAS","Metro CDMX"
"5678ae7d-fdcb-3c9d-9d9e-c04fe9c267fe","KIO-INTERLOMAS-2","Metro CDMX"
"cac5c92e-1322-33cc-8561-c8d129fdccaa","KIO-Q","Querétaro"
"11867d4f-8565-3193-8c29-b8b02fc335bc","KIO-Q2","Querétaro"
"7d0336f8-58e2-337f-b98c-3449b4af50f8","KIO001","Metro CDMX"
"75e32d43-a9f1-31ff-ad13-5fff43b24347","KIO002","Metro CDMX"
"17e0c963-613f-389f-8651-52d761ef6831","KIO003","Metro CDMX"
"8e3a8d5c-b4fe-3f64-9a50-606ee37a24d0","KIO602","KIO Qro"
"ba9f5ec6-6a2a-37f8-b1f7-b970639847e0","KIO603","KIO Qro"
"73400088-8246-30cd-89f4-28dfd3de7777","KIO604","KIO Qro"
"bc5109a5-815f-30db-b95c-e95a148a2b0d","KIO605","KIO Qro"
"406df3f6-859d-39bf-9268-bb9962a5345f","KIO_MTY","Metro MTY"
"ef78ead7-a298-3a48-be60-ac5f0c33294d","KIW001","Puebla"
"3ac14c24-8bb4-3a40-b6b3-ab028468115c","KLF001","Metro MTY"
"c24e49d4-258e-3b94-9069-7d7c9890d533","KLM001","Empresarial CDMX"
"dcb2a5aa-a1e2-38bc-888f-13af7606a156","KPT001","Querétaro"
"b8fdaf58-507a-347c-ba04-0a44bd21f3e8","KSC001","Metro CDMX"
"f3a9cdf4-e0ce-3268-a074-e0dd9b0815e3","KUA001","Metro CDMX"
"97f9a206-a6e0-3ede-a478-bdf963e05a2c","KUA002","Empresarial CDMX"
"502c789c-758e-3283-9c94-9b86b0589519","KUB001","Empresarial CDMX"
"eae8cce6-1583-3c3e-b7af-cb52caa0a5ae","L3M001","Metro MTY"
"c83be82c-c984-3511-a3b3-6a398e045632","L3M002","Metro MTY"
"2cfab406-1ec0-307f-832c-01ec7de2a9bc","L3M003","Metro MTY"
"b268677e-d3d9-3c68-9eac-510455ff5d12","L3M004","Metro MTY"
"020215da-5663-3f59-b751-92ff8de376d2","L3M005","Metro MTY"
"216eb419-a75d-3a11-926c-d3836603aaeb","LAC001",
"b0ce0128-fc07-37f0-880b-a117ccfd266a","LAD001","Empresarial CDMX"
"14f04cfb-35b9-3d37-884c-1df67b23134f","LAE001","Empresarial CDMX"
"6039c239-57c2-3709-9bdf-f06c0a34b2b9","LAN001","Metro MTY"
"098a5681-1420-34ac-a241-02f82485c938","LAN002","Metro MTY"
"e518fa72-c488-3b6d-9d99-dde389e09b1c","LAN003","Metro MTY"
"65238f0f-2e6c-3c57-b99b-6ebee0a77518","LDO001",
"a18a524d-e766-3bc6-95b2-2b46022c4e71","LDO002",
"d6a18fba-c9ba-374f-8c73-063b2064f2ac","LDT001","Metro CDMX"
"7a16d132-85ab-330d-aa8a-023cf145ba3e","LDT002","San Luis Potosí"
"3f1e295c-d94d-3200-b7fc-b7a4bb63754f","LDT003","Empresarial CDMX"
"83fb5216-b18a-3b56-a18d-312185e503c9","LEM001","Empresarial CDMX"
"8414df3d-f4ee-3899-979f-b05e256091dd","LEM002","Empresarial CDMX"
"9b4ace9e-e11f-3f1b-82ad-075735335ec2","LEO001",
"aef2dde4-ec2a-3842-8dd1-a21ba14b93c8","LEO002","Guanajuato"
"0f5a6d39-5d89-3f79-bdf7-3637b612154c","LEO003","Guanajuato"
"68290d8b-b76f-33ce-b98d-34e8b068f6be","Level3","Metro CDMX"
"c98920b8-727a-3708-b126-05a8bc626a5a","LEVEL3_2","Metro CDMX"
"850e4cba-7963-3824-87b9-a5becc66bb5d","LGT001","San Luis Potosí"
"db96fe12-8850-3e86-adeb-a51bd2a180a7","LGY001","Empresarial CDMX"
"e0113450-8d42-37ee-8a2c-17bd6f9aae25","LMM001","Metro MTY"
"59d880f4-f4f4-3395-aec2-de9d41da9ba0","LND001","Empresarial CDMX"
"06cd8058-4e5e-3a84-909b-8c1db23366fd","LND002","Toluca"
"0cfc75cd-87b5-382c-a94d-c9a619a4b60f","LND003","Toluca"
"066b38f6-e29c-3a1e-9597-eb4b862a9ba6","LOM001","Metro CDMX"
"d67af364-0e34-3b4d-b495-536b2f9ee03f","LRC001","Metro MTY"
"7aa82cf0-598e-3ea0-989e-91b2cbd65ffd","LSI001","Saltillo"
"abb8265f-020e-364e-bf27-081c40f7f40b","LV3003","Metro CDMX"
"e4e0ea70-db31-3c46-b85d-e9a6739236e9","LV3004","Metro CDMX"
"7fb595fc-bc33-37ca-a79d-23b4d37718e6","LV3005","Metro CDMX"
"6e6fa0ff-eef0-3843-8e1b-4c9a5953bf1d","LV3006","Empresarial CDMX"
"7aa59817-8768-378a-ad3c-c5ab163ddc7a","LV3009","Irapuato"
"dd2bb7a0-c24c-3e2e-8d3a-652108895cbe","LV3010","Metro CDMX"
"fdaadc69-c58c-3e18-bcf4-5a1eedcd867f","LV3011","Toluca"
"6300ed68-be56-386a-935a-c4ad0bf47a18","LV3012","GDL_Metro"
"70a8c003-0db1-3598-8bdd-ab0e6c256297","LV3014","Empresarial CDMX"
"082a2f4a-4bdc-3419-be52-25aab993c0a5","LV3015","Querétaro"
"1844af9f-73a7-30ff-a526-3dd5ab38c98e","LV3017","Metro CDMX"
"8621543d-a7a6-3991-8152-75461b866eae","LV3019","Metro CDMX"
"412d7c54-6636-3bfa-9ca1-c839d1e2de7a","LV3020","Metro CDMX"
"5d095112-9e67-3243-bf6d-b8741d2879c1","LV3021","Metro MTY"
"26455346-4616-3946-a645-ea503ae67766","LV3023","Metro CDMX"
"5375e058-d9f0-388b-969f-aceacd183617","LV3026","Querétaro"
"1a4aa7b9-30c9-30cf-8f2b-88ea075e16d0","LV3027","Querétaro"
"fa56cd3a-9fa4-33a0-adaf-5544ac7a31f1","LV3029","Metro MTY"
"bbe8df0a-cc62-3cd7-acfc-f0a4c4a236bb","LV3030","Toluca"
"ca1e81f0-bdbd-3048-9c01-c5fb2cfb049e","LV3032","Empresarial CDMX"
"b4702409-e97a-34ce-a053-9af21c0a883c","LV3033","Metro CDMX"
"06d72708-93e4-3220-8c69-437512678e6e","LV3034","Puebla"
"32a9899a-ce73-3b79-875d-c81c1e9799b6","LV3036","Metro MTY"
"80ea6ea2-f956-3563-b1ca-ca69f036edde","LV3037","Metro MTY"
"473bd6a5-69d0-3ca0-8906-2cdff158246f","LV3038","Aguascalientes"
"af47e107-44b6-388e-873b-90e4912ba4a7","LV3039","Empresarial CDMX"
"a5d38f69-a1dd-3657-8833-5096ac93de39","LV3041","Saltillo"
"8057dce7-c736-3418-b02a-d4c4f62a3cc6","LV3042","LV3042"
"550504ec-b3c6-3e44-ba57-d7b503c6e684","LV3043","Metro MTY"
"ba560be7-e6a0-350b-b615-d2774eedc4df","LV3044","GDL_Metro"
"72a1022b-1ae0-35e0-b85e-b4198fdd42a2","LV3046","Empresarial CDMX"
"18622313-c650-37c1-8d55-6de3134b483c","LV3047","GDL_Metro"
"0fb6fe17-816f-34b3-9d80-cca20a73fcac","LV3048","Metro CDMX"
"24dc4d7b-74ea-321a-8693-edf6c21224c4","LV3050","Metro CDMX"
"dcf5da9f-b345-3563-9138-9c519a4b54a7","LV3051","Empresarial CDMX"
"80fdbf73-9964-3626-9c46-0d08ee46a481","LV3052","Empresarial CDMX"
"4067cfbb-c46d-3d00-bafa-ed686a969df6","LV3053","Metro CDMX"
"4c555fe9-2c03-3e81-8684-d9fc5184c448","LV3054","GDL_Metro"
"02b65664-6dec-38d2-b2e2-2a49f1447727","LV3055","Empresarial CDMX"
"7d3b3313-c5f4-3038-921f-2ae9a561c32f","LV3057","Metro CDMX"
"a6f63065-c17e-3776-81e2-7cd49492abf6","LV3058","San Luis Potosí"
"b7088158-b8b4-3402-991d-5dcebf231d16","LV3059","Empresarial CDMX"
"eae9f945-5013-3345-ab7c-cdb9293999ba","LV3060","Empresarial CDMX"
"6304d32e-04e7-31f1-898a-0ecf4bd58cc7","LV3061","Empresarial CDMX"
"118f9f6c-c59a-3dc7-8caa-f0c035e396cd","LV3062","Metro CDMX"
"21937617-55f8-3f30-ad02-4f2ff9672b86","LV3063","Metro CDMX"
"69a4877a-524f-3d56-82a6-3ed2766b8a3f","LV3064","Metro CDMX"
"649313ba-0112-3153-bf68-5a4a67f929e3","LV3066","Empresarial CDMX"
"32969a8c-61b9-3242-91fc-3d3552fcd235","LV3067","Empresarial CDMX"
"bd918279-2c53-3c16-8817-ba65f8721a51","LV3068","Toluca"
"c1389416-6807-3a06-b459-7e768228bd5f","LV3069","Empresarial CDMX"
"f78931e3-4ca8-3b27-9367-9a7a189c4038","LV3070","Metro MTY"
"585088cf-4522-328e-ae7d-06db7d8b5f08","LV3071","Empresarial CDMX"
"23d82917-f891-337e-af46-dba124212919","LV3_601","LV3_Monterrey"
"316b4477-a7b9-393a-9d10-03e450d28606","LV3MTY602",
"928ffc59-e64c-3c00-8060-e54ea70e2271","M3C001","Empresarial CDMX"
"630d261a-8342-3a35-9928-3babecb242b8","MAG001","Metro MTY"
"26e312a2-9a92-3c43-bc37-d8f1ad5497dc","MAH001","Matehuala"
"a8ad3ddd-816c-33bb-b3a3-6926fece3652","MAH002","MAH002"
"25169ac7-9b4a-37d2-9074-8f4cc6c98e32","MAH601","MAH601"
"1f71dcde-d248-3c76-ac7c-783897bc9656","Mahle","Metro MTY"
"d7eccd4d-821b-3a24-9aac-0e5470fd041b","MAQ001","Tijuana"
"4937783a-0b86-3a12-9960-2d1665d7953d","MAT001","Metro MTY"
"d9ab8883-0aed-366d-8095-6ec7eb849ee6","MAYO001","Metro MTY"
"3192daf2-61bd-3b8d-838f-e4cacfaaa595","MCA001",
"b4d98a8d-025d-3489-bc5d-0386ea9a0abf","MCA601","MCA601"
"76d945d4-2f0c-31f6-a49c-2944c88c8a1e","MCA602","MCA602"
"bc062e5e-5a40-3382-b873-394d5877d935","MCA603","McAllen"
"03a13ac6-45bf-33a5-b423-30d746d81c23","MCA604","McAllen"
"36e0207c-2d25-3fe8-afae-54d3abeef9ec","MCA605","McAllen"
"39e794e6-1fd5-34de-9618-fe6296c4a824","MCK001","Metro MTY"
"bf203aa0-a951-36aa-a071-699cc2ee6ac3","MCM001","San Luis Potosí"
"5af09e1b-1c4f-33c5-9095-eaf6f8d25946","MDF001",
"9526a70e-e8ea-390a-9dac-42ea462f7d20","MDF002","MDF002"
"cb1d2f77-8bb9-368b-aa55-809855d5d577","MDF003",
"b14701a5-94ea-3c06-8a0e-16e894026eb6","MDF601","Pabellon"
"4366f980-c94e-3e25-90e7-1d4fec7be2c1","MDF602",
"a10eeb4e-fe9f-3175-82e9-2f0d2925c1fd","MDF603",
"33a4d43a-5cb0-30cb-a1e5-49ff2ec8a671","MEC001","Metro CDMX"
"8a44b328-7c62-3f72-8c2f-63002b55afd6","MetroRed","Metro CDMX"
"d3f2c7b6-6f9a-32af-80b2-86605034ca67","MGH001","Metro CDMX"
"5c0f7177-ad8e-3fcf-a075-5f2783820fe9","MHI001","Aguascalientes"
"bd29bc03-39a6-3a2d-9dff-738ae7c503da","MHI002","Empresarial CDMX"
"25a2c888-b867-3794-825c-90339cac650e","MIA001",
"07d7315f-6aab-3e9c-9479-98f89a4fe927","MIC001","Metro MTY"
"20affe58-f1a8-34f8-8565-3bd00779db3a","MID001","Metro CDMX"
"4a521e8a-d555-3bae-b46c-1e51c3915024","MID002","Metro MTY"
"1a4566c9-3a51-389d-8b7a-301e3a36d7c9","MisionHills","Querétaro"
"607e85ac-896a-3ef9-a188-c727508906c6","MKW001","GDL_Metro"
"21a637b5-dc8b-36bb-9004-3f296bb25d36","MLB001","Tepatitlan"
"8e433c27-5b41-3b33-b40d-131a94509805","MLB002","Empresarial CDMX"
"697c370f-58ee-3590-874d-5a2b9ca2446d","MLB003","GDL_Metro"
"11ea187b-dc28-33bc-bf4d-2204a6c646c0","MLB004","Metro MTY"
"d44b29b0-200c-3976-b718-d03804e46040","MML001","Empresarial CDMX"
"021e8894-7092-3f6a-9e39-7a31a4e14683","MMM001","Metro CDMX"
"9d7dabc6-cd22-3ebb-82c4-db6aabea8b83","MMT001","Toluca"
"0b99ced0-459b-38b4-8925-c28144c5f31d","MMX001","Metro MTY"
"dcff42b0-2af9-3696-b212-4a616400292c","MMX002","Metro MTY"
"e739c096-0637-3215-8f97-8e5eb61dc7be","MOL601","MOL601"
"b3adad37-2be5-370e-a390-b6a55dd485d7","MOM001","Empresarial CDMX"
"7aa03014-ea8c-3583-9413-7771ebfcf220","MRA001","San Luis Potosí"
"44833c4e-674a-3a5c-9fe1-4288bc4d41d2","MSM001","Metro MTY"
"9afcb72d-cc66-3ddc-bcb1-63e8418cf9d2","MSS001","Saltillo"
"c78e8553-ca95-3d5f-be2c-e2281d81abbc","MSY001","Metro MTY"
"c1c025b8-2353-3437-b579-82432aa83d28","MTC001","GDL_Metro"
"7e1ae911-9617-30e8-9bc0-316bebfd6cfa","MTY001",
"c6579ec4-541d-378b-a1b5-698467b5aded","MTY002","MTY002"
"7be6979c-3e05-3f44-b998-2a30d5b3f4b8","MTY014","Metro MTY"
"e956345e-c1bf-30d2-8a43-9cc583fe193b","MTY015","Metro MTY"
"bcab1929-ee9b-3a13-8867-c249bfe25528","MTY016","Metro MTY"
"eca0b99c-0eda-37c3-942a-ec9aa2205725","MTY018","Metro MTY"
"14b22e68-57fd-3feb-8228-c0a0f2491499","MTY601","MTY601"
"6a20d4a4-26de-37a2-917c-82cf8e0ce8c0","MTY602","Monterrey1"
"643a3af4-75de-39b8-aa2d-b7bf11847138","MTY_603","Monterrey1"
"4d22712d-fe2c-3181-9ba7-984c9012b07d","MUI001","Empresarial CDMX"
"84a0235f-9aad-3c96-b939-7e8d598b7f5c","MVD001","Metro MTY"
"0df220ee-449d-33d7-a2a7-20e6374ffcc8","MYA001","Guanajuato"
"ed257868-6d85-3359-94f2-b5a39b53863a","NAN001","Toluca"
"d55ed527-77f5-3d62-9e0e-6dd7270cc0dc","NAZ001","Empresarial CDMX"
"43649806-71b8-3d28-b96b-9828950e5288","NCL001","Metro MTY"
"a916d342-3cc1-3a70-93f4-232a5e0b0d70","NCL002","Metro MTY"
"eee94fad-750e-3389-82d1-9ab199983f45","NCL003","Metro MTY"
"ee36dca2-628c-3d9e-9aa7-b478b693c473","NCL004","Metro CDMX"
"084caade-f712-3952-b72a-490c6a4b280e","NCL005","Metro MTY"
"c64a9a89-0c15-3dcb-9e84-f76975dbb514","NEA001","Querétaro"
"4a3d788c-e72e-3500-86a0-ac5c8fcd5183","Neoclan5142","Metro MTY"
"24948e59-e869-3903-9249-962305e6f940","NEXT001","Metro CDMX"
"fa710f6f-fef9-3f19-8e53-13c9621db8ea","NGK001","Metro CDMX"
"6e2e26d6-e1a6-38a4-b3b5-43cda7221734","NGM001","Metro MTY"
"bedd84e6-a926-379c-aa80-05852abd2705","NH_San_Pedro","Metro MTY"
"a84c73fb-7c1a-3115-9a84-615fdb0c55e4","NHS002","Metro MTY"
"6e6ea6fd-72a9-35e9-af31-4dcad7c1006e","NHY001","Saltillo"
"46408dad-eb92-3ee9-a46d-77bce4958b31","NIPP001","Metro MTY"
"87662eef-76e6-34ab-8c9a-83e33dab7e1a","NIPP002","Metro MTY"
"ad8636c6-5f3d-359f-887d-bb49762bf0c9","NIT001","Metro MTY"
"bce81215-5afa-365c-9597-d6dafcb12056","NIT002","Saltillo"
"f1e2df9f-2690-3883-a16e-1ddb9e2033c6","NIT003","San Luis Potosí"
"9294fa91-c44e-3d48-a9d9-41c5b7fa75c9","NLH001","Empresarial CDMX"
"8b8cb9a6-046d-3944-a93f-ba6049ef0cd1","NMP001","Empresarial CDMX"
"b05b2183-6a22-3331-8f66-67b3ace04153","NNK001","Metro MTY"
"fcb39b44-ce95-314c-9f3e-ac3e53a3ffe3","NNK002","Empresarial CDMX"
"703d57ea-3bfa-3492-8be1-35b8545debd5","NOCESA","Empresarial CDMX"
"b7218e00-5df5-397b-839d-741f283f0632","NTT001","Empresarial CDMX"
"d35c7489-0117-3f36-bb57-c965a96d2b6c","NTT002","San Luis Potosí"
"2bf4893d-8757-30cb-ae02-321cb1d128e8","NTT003","Toluca"
"f0118f97-3dc1-310f-8aa5-3aba64deffdb","NTT004","Empresarial CDMX"
"82a73857-dd1b-309f-b5ee-da9ca7a2612c","NTT005","Metro MTY"
"eda48aa7-239b-3eaa-9623-65d696a6a9ea","NTT006","GDL_Metro"
"31ab710a-c6ec-3e76-a3a6-dd4eecfe50e3","NTT007","GDL_Metro"
"c6d2ca94-4a40-3661-886b-db6847423894","NTT008","Metro MTY"
"3c929361-2ed6-341d-a486-6ffb2998251a","NUX001","Empresarial CDMX"
"754d3df2-eaee-38b0-8782-1bf4256bfd8c","NvoLaredo",
"3e30f549-1116-3008-a087-bab2507f251c","NXC001","Empresarial CDMX"
"c1d732f0-7c1b-3c4f-a7ce-3055b97b3ff9","NYC001",
"a6db9a6a-4d44-3de3-8e69-d99800141dad","OAS001","Matehuala"
"cb9087d5-b77b-38b2-ab5e-8e12f01c34b8","OAS002","Matehuala"
"4b91be79-4418-3547-a1f0-fc507765889f","OAS003","Matehuala"
"43631103-f03e-3aee-9092-965974ace6c2","OAS004","Matehuala"
"65618109-5d7a-338d-aacd-5b993897f8e7","OBL001","GDL_Metro"
"5fe6df23-4932-37e4-86c5-bd0c914e61ce","OBS001","Metro CDMX"
"897c38ad-90b7-3eae-92fd-d06f90e4154a","OBS002","Toluca"
"f38dde6e-4263-3c77-a109-919014da4824","OOC001","Metro MTY"
"16c71cb7-4ac0-3ba8-85b5-a7a610dec8d9","OOL001","GDL_Metro"
"89077173-1485-3013-835c-d1d0ec70d3b2","ORG005","Metro CDMX"
"c9fa6364-c930-31df-89b3-3d37f0760957","ORG006","Empresarial CDMX"
"2a6cb9ca-cf10-3e66-b1da-a0dce09575a8","ORG008","Empresarial CDMX"
"ddd93b50-ce17-3ed3-9319-fc4e1eec33bc","ORI601",
"8b6844fa-84c8-3214-a50b-84ba23a7955c","OTS001","Empresarial CDMX"
"c3441dde-2590-3214-9466-f3b4a6eaf325","OVA001","Empresarial CDMX"
"6e0e21d3-0c18-31aa-a78a-23aeb43f6497","PAB_601","Pabellon"
"74a7effa-684b-3cb8-b2f0-03271c640cb4","PAL001","Empresarial CDMX"
"c5ed143f-e6a7-3147-b39e-885ec064eec5","PAN001","Metro MTY"
"53968d18-5b5b-3f21-a965-ffba793b815e","PAS001","Empresarial CDMX"
"f45acf54-4d56-3027-a32e-d5d099be5be1","PCH001","Pachuca"
"9f4b15ab-a56c-3904-829e-8f7614d6f799","PCO001","Metro MTY"
"ba550bc8-abb5-3a0c-ab57-2722c63daaf3","PCO002","Metro MTY"
"b4cd1f8b-e65c-30b9-a8ba-35692c56ad70","PCO003","Empresarial CDMX"
"c9da87ce-78a6-3644-beae-d1f9498f20ed","PCO004","Metro MTY"
"19d2a3aa-4eb7-3cc9-af53-aa20c34e6bcc","PCO005","GDL_Metro"
"c6b8f4e0-52a9-3273-880c-116ceff5d2eb","PCTV","Metro CDMX"
"9d2e433f-80ea-3726-afa5-6a5d7ae796f6","PDI001","San Luis Potosí"
"66b9d850-0e93-3c70-9cf2-e0eadd314092","PDI002","Puebla"
"9682d5e9-4eee-345c-be11-e3aa3e24c51d","PDI003","San Luis Potosí"
"484b29e4-5ff4-3cd8-bb10-aa18d3dbd73d","PEA001","Metro MTY"
"a8adb15d-7db7-3cf8-9a67-5fc4f119e3d1","PEG001","Empresarial CDMX"
"3dd42036-5770-345e-b095-28ef00cd5e79","PEI001","Metro MTY"
"e5adb482-4111-3723-bc1e-53351b225024","PENTAFONIN","Empresarial CDMX"
"b7bab0f3-2982-3595-8bbd-199ccbab0af5","PFX001","Metro MTY"
"0f19ffff-e7b2-332d-97a5-fb834bffdb4a","PHX001","Metro CDMX"
"f7b950f5-30f8-34ff-8582-d8da0dd7ae04","PIE001","Piedras Negras"
"0e1276c6-91a8-3884-b140-2c0c583db3bb","PIN001","GDL_Metro"
"bdd89f0d-7be6-31e5-82b4-4caba5a827c1","PLN001","Empresarial CDMX"
"5cdd6aa3-a44a-4bff-ab33-e898f4cc56c9","PMYRBD01","Metro MTY"
"dbe644e4-6e11-3820-aae3-a19c6387828a","PNT001","Metro MTY"
"6660f02e-d6c2-3bf3-9dd4-6dc887a72701","POD001","Metro MTY"
"2553874a-c8d4-34e0-b1d5-3ba483300d72","POL001","Metro CDMX"
"b674d763-c523-3654-acf5-b0230c84f16e","POL002","Empresarial CDMX"
"4722af51-ff21-3adb-ab0e-29eaa1e6907b","POS001","San Luis Potosí"
"fe28e5e6-296c-371f-86a1-05bde41cd401","PRH001","Empresarial CDMX"
"7bd2cd6b-e404-3eaa-9815-7bf1838af2fe","PRH002","Empresarial CDMX"
"ccc66f7f-0a27-3550-adb3-13bb805669bb","PRH004","Empresarial CDMX"
"93903215-9734-3075-af50-bb509c72172b","PRO001","Empresarial CDMX"
"48c300eb-cf85-317c-985c-196904bd7c7a","PSI001","GDL_Metro"
"95e6828b-1206-3fb5-a59f-cad7bcc427a9","PSP001","Empresarial CDMX"
"4c40f0ed-db9b-35b3-8041-4a768de7c14c","PUE001","Puebla"
"c3bd3d3d-8177-3bca-94c2-dfcf44e09401","PUE002","Puebla"
"b2858640-d922-3ee9-8fac-9ff1178732ca","PUE601","PUE601"
"5617fab1-d711-378c-9233-08af804ac546","PUE602","PUE601"
"c4bdeb83-76b6-35ba-8cf2-6783b3226d04","Purisima","Metro MTY"
"5b98f798-52d2-3506-aee7-b63531122e46","PYP001","Empresarial CDMX"
"95bb7087-b33f-3709-8b89-daf9e04be699","QAS001","Metro CDMX"
"5659eb5d-7976-33f3-86e2-421b50c780ab","QAS002","Metro CDMX"
"5bae0301-e884-32bb-85e0-2a4edc19f38d","QAS003","Empresarial CDMX"
"96834f34-f155-30ab-8885-4caa6b45e9a5","QAS004","Toluca"
"faa9d663-d893-3d7b-9c06-18c8e02a3a79","QAS005","Empresarial CDMX"
"4ebc4b5b-5803-3ad1-827c-faf7650dbc28","QAS006","Empresarial CDMX"
"5f23b4a7-4a76-3ba3-b1f9-cf4d0099e694","QDS001","San Luis Potosí"
"d9dfc753-4c17-367d-8a47-590dbe8e4830","QDS002","San Luis Potosí"
"274d3fec-de1e-3057-9419-1b97d770371e","QDS003","San Luis Potosí"
"1ff17040-bc2e-3e8b-b4c0-983cf4ac8e18","QDS004","San Luis Potosí"
"c36e0bd0-3fd7-34f4-ae60-15f0536a3a62","QIR002","Empresarial CDMX"
"6379909b-e0bf-3e89-8d3c-32dc212795a3","QRO601","QRO601"
"1b922a81-e93b-39b9-b9ef-c0a9963f5e53","QUE001","QUE001"
"f36f604d-76dd-35df-9a0a-15a369ceda13","QUE002",
"1ce9fa96-534b-30e2-ac67-cc671df6a5c5","QUE603","QUE603"
"6a03e056-8eff-3186-978b-e043a148d7f4","QUI001","GDL_Metro"
"4d5868e3-88ab-31c3-9ccb-dee6ef23ed04","RAA001","Toluca"
"eb82430d-9fbc-32a8-8910-5adc0916981c","Radiobeep","Metro MTY"
"8506fcdf-ca37-3b3e-a1b8-80d7b1952a56","RAV001","Empresarial CDMX"
"fbcb1463-f836-3640-9ac6-69a5811959fa","RBN001","Empresarial CDMX"
"9ed70f4c-ca7d-3ca4-ab91-36e37f24728e","RBT001","GDL_Metro"
"e29f5b9f-4cce-33f6-8635-864fb697680e","RCM001","Empresarial CDMX"
"572acd13-debc-3dad-a2c6-63691d312529","RDJ001",
"824617f8-a4ce-39b6-8825-685c36524431","REA001","San Luis Potosí"
"9397e084-6ab8-370b-8bca-8bac6be95db6","REN001","Matehuala"
"5a370540-e16c-3573-b6ab-ada81dbaaa49","RES001","Metro CDMX"
"09a506d9-7f5a-380e-8050-4bfe30f3f702","REVOLUCION","Metro MTY"
"6b755248-211f-318e-a82e-49d5fbf2b308","REY001",
"99080575-52ea-3ec9-8520-24d64c356093","REY003","ALTAN_DRAN_NORTE"
"1c57144f-0107-342e-8bec-1bc62e398653","REY601","REY601"
"00f70796-11cd-32bc-9e38-364106b30e5b","RFR601",
"e738e7e3-e9ca-34b4-ba58-6555be864fbf","RGS001","Metro MTY"
"ff66a74a-911f-3bba-bb4a-3f1d788437bd","RIC001","Metro MTY"
"ae06d4ff-83dc-3a03-b1c4-494bcac5d5ba","RIS001","Metro CDMX"
"eddda5f8-31f1-330b-bb23-1baa2604a332","ROR001","Bajas PDE"
"c413be23-892e-32df-8bb1-ecc3665cf153","RPY001","Empresarial CDMX"
"ae415949-0cea-373d-b5d8-d07b712d0fd0","RRS001","Metro MTY"
"66ecb7b4-e33b-3e43-b305-94a1a20e7b88","RTP001","Metro MTY"
"e7e251b1-77dd-36fe-a0a0-7821f3f28d03","RTP002","Metro MTY"
"0f03c1c2-20b1-3a24-b084-844b687ca504","RYO001","Matehuala"
"c3d676cc-6ba2-33eb-af11-3062dab4d5af","SAH001","Metro CDMX"
"da036949-215d-3cd1-ae20-43fd6d243274","SAL001",
"ba3c829a-64bd-36e2-bc28-9da2252bf1ea","SAL002",
"46e86bf5-0f34-31c8-8e99-07c2b01834db","SAL003","ALTAN_DRAN_NORTE"
"1dc8a586-0fa9-3d31-bb3a-d9ec5badae53","SAL004","SAL004"
"e181da9e-db20-3a42-8e04-795d8321faca","SAL005","Saltillo"
"fcca44e2-86c5-3928-9e27-783bfcfcac95","SAL006","Saltillo"
"abbbc944-cb16-30e8-91b0-29df7a7a8054","SAL007","Saltillo"
"c03d5933-4278-3e2a-ac74-68c2aec3ed7d","SAL601","SAL601"
"4af4bebc-3d3b-3b57-b580-3cd3306876f4","SAL602",
"a0feaf28-07ae-30a5-ba9c-ae273ccdc327","SANTA_MARIA","Metro MTY"
"8818d588-819e-38e1-aa0e-457674af6460","Santander1","Querétaro"
"bc5105eb-e4a9-3e6d-b5c5-5f4cd22e5514","Santander2","Santander2"
"ec6a03e0-698c-3391-8fda-dba7892acf86","SAO001",
"278acc6b-ecee-39bb-8862-177e87677e07","SAR601","SAR601"
"3a930c18-508b-3d6b-8a34-ac5cf520f267","SBA001","Empresarial CDMX"
"441e7a22-4b59-34d5-b7f6-b2074f95910b","SBA002","GDL_Metro"
"bfeac493-0893-36e6-aaac-dfd8cfe7534c","SBE001","Empresarial CDMX"
"7bca4d3e-151e-38fa-b383-6b9351954eda","SCB001","San Luis Potosí"
"ee933988-dd5f-350b-8470-bd810ee88622","SCN001","Empresarial CDMX"
"651f6dee-7434-37c1-b4ec-dde3c21a493f","SCN002","GDL_Metro"
"e3c436f5-89b0-340a-b2b9-16c0094b057b","SCQ001","Metro MTY"
"c582739b-f0a1-3b16-968b-d69296184519","SCU001","Metro MTY"
"bd7abf7a-d789-36ff-825c-0311be58f556","SCU002","Empresarial CDMX"
"6a68bbbf-cb72-3b3e-8bad-c3bd1d8a45d7","SCY001","Metro MTY"
"6d503f0b-a773-3b82-b995-bf354904564b","SCY002","Querétaro"
"5a135b60-4008-383d-9d97-bcb7652bf8e0","SDA001","Metro MTY"
"15818515-83b2-303f-bd08-bfa9ec9aeb53","SDP001","Metro MTY"
"aaee5f08-b549-389a-9841-d62ebe87a1be","SDP002","Metro MTY"
"d25f479d-4375-3e57-b6fc-f742283ebcba","SDU601","SDU601"
"97ae417c-ef90-3bbe-a897-bbd869d02d15","SEF001","Empresarial CDMX"
"d5572f38-08d8-3b7c-ac24-18d0334fa2d0","SEP001","Empresarial CDMX"
"9b72ff49-eb7d-3c15-9314-ca681815e3b9","SER001","Metro MTY"
"d1c59412-08f5-3fbe-920f-7e6f011b3e95","SERTEC-VALL1","Empresarial CDMX"
"b2590d4a-3b74-32bd-bf66-b5cf2f8d70aa","SERTEC-VALL2","Empresarial CDMX"
"72af7f08-69f1-336a-a1c2-7f66faad99b4","SERTEC-VALL3","Empresarial CDMX"
"b56aa49e-9f4a-3672-8fe3-71b1c8b19b0a","SERTEC1","Empresarial CDMX"
"cdf77c4a-7914-3207-b28f-82a8b416a9a5","SERTEC2","Empresarial CDMX"
"e813e1be-2f4c-327f-bdef-82a299d7e348","SERTEC3","Empresarial CDMX"
"c99de449-7956-30fa-99ae-12870d267495","SFI001","Metro MTY"
"88901ce4-63fa-3011-b4dd-5be1fc4e0bd2","SGI001","Guanajuato"
"ab7e7f70-17aa-3b79-b368-084f477e9eb2","SGJ001","Empresarial CDMX"
"f1ba86c2-f55e-35ab-90b4-0fa44969d45a","SGM001","Empresarial CDMX"
"55004ed6-7f02-3ee2-b47b-66c598161675","SGO001",
"6cb6d369-29f5-3ef8-88b1-9daae17a7185","SIS001","Matehuala"
"8fa207e0-7426-3bda-9995-8a43e3b30ec6","SJS001","Toluca"
"319f37bb-b262-3adb-8f91-b6015a19662f","SKH001","Metro CDMX"
"3eb121a3-be7c-3974-ab93-f24c0e0c067d","SKR001","Empresarial CDMX"
"8fcce50f-392a-3fab-83f3-0d3af609d4e3","SKY","Empresarial CDMX"
"a8d668be-13c9-35cf-9b6c-d1fa0ba35a71","SLH001","Metro MTY"
"8f822f7e-73fe-35c2-99ea-bb14495dba12","SLP001","San Luis Potosí"
"aafdb7f2-1ae3-3e42-9e83-ca37d1a1c817","SLP002","San Luis Potosí"
"8f9a33d3-8355-34f5-83f6-25875bc4d259","SLP003","San Luis Potosí"
"9b39b86c-13ce-34fa-92d5-4cf6659e28a4","SLP005",
"92f2fb8e-2722-3404-956b-919ba98d5b35","SLP006",
"70862a3c-877c-30bb-86ac-a14b3d78161a","SLP007","San Luis Potosí"
"628e2bee-f69e-323d-a8d7-195670c8a236","SLP601","SLP601"
"5f543c1f-ff93-3246-9946-33628d59447a","SLP602","SANLUIS"
"533787df-9531-3624-9cc4-3edb84e303de","SLP603","SLP2"
"5a9bf4c1-a5b4-3b21-a27c-53f801588024","SLP604","SLP2"
"8fad457e-5218-3516-9afe-b7aad4aa961f","SLZ001","Empresarial CDMX"
"bd88ea25-ad83-3939-b296-d468e8375dff","SLZ002","Empresarial CDMX"
"e0b6beb2-341b-350a-a230-ee5b92e573b3","SLZ003","Empresarial CDMX"
"a414c77c-5efe-388a-a17a-7ee2628e1fa3","SLZ004","Empresarial CDMX"
"47f58b84-fd94-39e0-aaba-1f1d1614e254","SMA001","Tepatitlan"
"ae480e75-19db-3f5d-ab12-2a3af3991670","SMV001","Toluca"
"7eeb5c91-c5fc-3355-ac50-53c10ec233b2","SMX002","GDL_Metro"
"5fc0b429-9a44-3b79-8180-30fbfa42bf4f","SNA001",
"64c6e919-86fa-33ff-ba81-6315c78dcc36","SNET_001","Metro CDMX"
"f250ad3d-bc2c-3c28-8064-8a87bde0715d","SNK001","Metro MTY"
"91fe1caa-f475-354b-9126-3bbf9eb4f568","SNT001","Empresarial CDMX"
"13c0c570-a8b0-3f5a-93c9-957a923c92a0","SNT002","Empresarial CDMX"
"2c33bc34-ce7a-372d-bb41-0bd8d2b9f8cc","SNV001","Metro MTY"
"dcde3442-6b2c-3a6c-809c-eeb70a7263a3","SOD001","Metro MTY"
"01d2b8c4-d1aa-3045-929a-ac6266d9aa45","SPN005","Querétaro"
"bfbab36c-5ef5-3172-828a-e68308f2b52a","SPN006","Metro CDMX"
"19179613-0b32-3212-b7b7-3af70d332cd8","SPN010","Empresarial CDMX"
"4894a40d-447f-30f0-8c7d-748d6c3a0a9d","SRB002","Empresarial CDMX"
"ffd7a5f8-a70c-3bb7-9694-9c9db4dd1e61","SRG001","Metro MTY"
"cc2aa17f-f175-32a3-8703-56190ee44b8b","STAHL001","Toluca"
"945e870e-83b5-301d-9c0a-810b3cb85597","STD001","Metro CDMX"
"9c19c352-279a-356c-9265-b10bb23e6268","STI001","Empresarial CDMX"
"8d564fa6-3c89-3169-8269-a1e4344f40cb","STLK605","LV3_Monterrey"
"b90b0b43-500e-3438-bec2-ad581d21529f","STN001","Metro MTY"
"ac9d8ec2-9fbc-3b54-90ac-254c877ddd27","STO001","GDL_Metro"
"729ab33f-e933-3c10-9be7-7f556517965d","STX001","Empresarial CDMX"
"99db39c5-0961-3e9f-a206-afc45d75df51","SVA001","Empresarial CDMX"
"b6a24e51-c623-3a80-afb5-94fd241703ee","TBC001","San Luis Potosí"
"0f646489-a0ba-34ff-b43f-9b5767b94602","TCC001","Empresarial CDMX"
"d175b448-1b49-36cb-bddc-1a57abd26600","TCR001","Empresarial CDMX"
"ceec75f4-556e-31a4-b6a4-f2bd592cd6dc","TCR002","Empresarial CDMX"
"fcecd6c7-f3cd-3e99-905b-b53fdcad738e","TCS001","Empresarial CDMX"
"8a9475d5-8085-3dac-9b4d-cce01cfb4a01","TCS002","Puebla"
"a955e248-91f8-3718-9476-67ac6fceae1c","TCS003","Empresarial CDMX"
"ce507280-ecb5-3d27-b350-afc253d9d144","TCS004","GDL_Metro"
"1cad1bc6-75ba-3879-a868-22104a427529","TCU001","GDL_Metro"
"7f905fbe-7df0-3aba-b732-29ce864bf421","TCU002","GDL_Metro"
"af64208a-ad49-3545-ba21-5fc8b1c8b47a","TCU003","Empresarial CDMX"
"144c6f89-bf24-345a-b535-34de6e290622","TCU004","Empresarial CDMX"
"2152eb2b-00e0-3d36-85f9-d09bb1743ebc","TCU005","Metro MTY"
"480073dd-616d-3db8-ac59-d8855880c301","TCU006","Metro CDMX"
"f22d05da-d6a3-3e8f-8b97-1319a0cb0f53","TDC001","San Luis Potosí"
"ecbbebfd-bb1f-3a6a-9eff-d7a5f9783a53","TDI001","GDL_Metro"
"021a379b-c7fa-31d1-aeb5-6e84b78e2e35","TDI002","GDL_Metro"
"4bea1eb6-36e1-3bf0-9814-97885cb466ea","TDL001","Empresarial CDMX"
"1a7c97aa-cb2f-30a3-b3cd-a18a8b81ae4a","TDP001","Metro MTY"
"cf814a32-fab2-391d-8c52-43c5732171b7","TDT001","Metro MTY"
"6ab4f0bf-9be0-3e68-ad1f-01f69321a0b3","TEL002","Metro CDMX"
"bc7e42aa-b9f5-332d-8381-e1a51ada20b5","TelcelMTY","Metro MTY"
"33073d1a-b037-338e-84df-c81c8b700371","TELEFONICA","Metro MTY"
"dcc79671-10c0-3a8a-8030-ff35e6a42c8a","TELEFONICA-GDL","GDL_Metro"
"6fab3433-f124-3929-9a16-17aa0dfd1c85","Teleperformance","Metro MTY"
"eb1f2db0-af45-397a-aec7-c1d4934b12bd","TEP001",
"9e740a2a-1d03-36a6-974d-aabf46d23655","TEX001","Querétaro"
"ee7e9da5-08ef-309f-ad99-246b61c3279b","TGS001","Guanajuato"
"5efe28c8-658a-36b5-a863-79b4de36d666","TGS002","Empresarial CDMX"
"653bbecd-4f46-3eac-9a2a-bfbbca8810ae","TGS003","Empresarial CDMX"
"11aef8b6-9c02-3a1c-a245-46120adbaa28","THE001","GDL_Metro"
"60414c84-fa25-3d23-b960-418e26d202be","THR001","GDL_Metro"
"76b60035-034e-39a7-a818-07bc5fd0e126","TIJ001","TIJ001"
"ec69d2ea-4c2e-3bec-88b1-a8d5a1ddea25","TIJ002","Tijuana"
"b696372e-a264-37bf-afc9-8d509e534be9","TIW001","Toluca"
"91aeada5-d4fd-3272-b95c-e7dc793f79c8","TIW002","Metro MTY"
"3c9fa9a0-2afc-3b41-9c5d-424c8df0a768","TIW004","Metro MTY"
"48abc840-7ce3-3f65-812c-bef251f05f42","TIW006","Toluca"
"3ee0f736-316d-34cb-b914-0b23b73843ec","TIW007","San Luis Potosí"
"a6160fef-8a88-3c9a-ae32-766e1995171e","TIW008","Empresarial CDMX"
"e53d9ee4-7326-385b-8338-c4e2a3421911","TIW012","Empresarial CDMX"
"0ae5ef8a-7b24-3d9a-a185-63fa3fdc580f","TIW013","Irapuato"
"985c1c3c-6e9b-36e5-b2b7-ceabfdc87b19","TIW014","Querétaro"
"33e10796-22ed-3293-8b73-f7aede8d8f31","TIW017","Metro CDMX"
"674078d5-f27f-3fd3-a561-d6e4f9df70f8","TIW018","Toluca"
"0ca08bf6-38a6-3d84-8526-9c32ea03d35e","TIW019","Toluca"
"1fdddf22-9e44-32a9-9028-27b942ae8751","TIW020","San Luis Potosí"
"bd9acfb7-7ace-326f-9b25-86a001d58402","TIW021","Empresarial CDMX"
"5180fb48-f351-31fc-bd44-fb82af577ca1","TIW024","Empresarial CDMX"
"2ab9064f-49d0-36f1-87c1-8597f7381735","TIW025","Saltillo"
"26c90e6a-71c0-35e1-a571-1cc5541919bf","TIW026","Saltillo"
"9abeb9be-1f96-3c6b-8bf9-922d88b62d5e","TIW027","GDL_Metro"
"8a79f4f1-df01-35fc-a48c-f17c77c4ef6a","TIW028","Empresarial CDMX"
"e65c0be6-d628-308a-82d6-806560179856","TIW031","Metro MTY"
"92d89555-93ec-38eb-8430-607be19ac8ab","TIW032","Puebla"
"89b9398b-72db-39b5-ac1b-da611a3d8048","TIW033","Metro CDMX"
"5d67d6ae-e001-3a96-88e6-63e82f8d4bca","TIW034","Querétaro"
"3317f8a2-9639-3363-b9bc-d764f4cd86d7","TIW035","Querétaro"
"c8bec1ed-3a5f-37c5-84c0-af0f680d41a3","TIW036","Metro CDMX"
"8e3ef102-3a94-36f4-a481-c035304fda99","TIW037","Metro MTY"
"a3641241-354a-3adf-bfdc-2070fcdf268a","TIW038","Empresarial CDMX"
"dd573c54-c5a6-31ce-be6f-97080d1d2e44","TIW039","Metro CDMX"
"f4ee8b82-d9d4-3ad4-908b-7af9eacdfff2","TIW040","Empresarial CDMX"
"556ffc63-04d6-3654-8ad9-abdc8f57bd7e","TIW041","Empresarial CDMX"
"d55f87da-181a-3d14-b2e9-50ce0d1e00d3","TKM001","Empresarial CDMX"
"1057bbdb-5bbc-3a3a-9507-ab2264e94350","TKM002","Empresarial CDMX"
"a66cc1ce-3116-351d-ace9-7ee4b2b8f784","TLC003","GDL_Metro"
"13565df8-26bb-3a3b-8c99-c257ae7717e1","TLG003","Metro MTY"
"79dff79e-5f12-3b5a-a683-61192ea8c9fd","TLI001","Metro CDMX"
"b4011a2e-c4b3-3929-bd81-cfe7f8ce62cd","TLI002","Metro MTY"
"ba8a6cd8-7cab-3dae-80ff-b3d80a5cc2b9","TLI003","Empresarial CDMX"
"6e40f7e9-470f-3ebc-aff5-fa30c4020961","TLMX-NEXTENGO","Empresarial CDMX"
"77cc9463-92ea-37a1-8754-64fbe7471a13","TLMX-NEXTENGO2","Empresarial CDMX"
"9712aa91-a31c-319d-b30a-07a5228fd93a","TLMX-VALLEJO","Empresarial CDMX"
"1136dd42-74ee-3493-94b7-d9a91a8010e8","TLS001","Empresarial CDMX"
"3b439cdc-3978-379f-8dca-0973a0bd2554","TMC001","GDL_Metro"
"dc01543b-80d2-3bd6-a128-c94e1a7cffe9","TMX-EST","Empresarial CDMX"
"c3658a4f-2d67-3fbf-8295-3e1940f3608c","TMX-SJ","Empresarial CDMX"
"a38abe9a-f322-3702-b2b0-0f17f645aa96","TMX-TPQ","GDL_Metro"
"4209c72d-832b-36f0-8166-770121a51f69","TNM001","Querétaro"
"421d729d-35c9-3132-aa45-94e41a9273bf","TNM002","Querétaro"
"b5f89a25-d499-3432-9841-e228aaf680f0","TNM003","Toluca"
"f3c41223-4438-335a-bc1b-5ef5b34f7eea","Torre_Andares","GDL_Metro"
"ba0a3755-f7b6-30fd-b169-7b749e8af4f5","TORRE_DIANA","Empresarial CDMX"
"7f8986cc-54ee-33a4-93f8-c844afa705e7","TORRE_ESME","Empresarial CDMX"
"a2276272-3e81-36df-aad0-c566af19c6a9","TORRE_MALVA","Metro MTY"
"04a30f06-5cf9-389c-82f8-e38cb26d8604","Torre_Mitikah","Empresarial CDMX"
"73a866d0-989b-3e5a-8e82-92b892bd5fcf","Torre_Samsung","Empresarial CDMX"
"9848b498-f46c-381a-8bda-485e3900ad73","TORREMAYOR","Empresarial CDMX"
"57a6cdec-ad04-3e0e-aec3-e345ed00d7dd","TorreTop","Metro MTY"
"1baa5030-db91-3208-af95-d9cbbf401ca3","TRE001","Metro CDMX"
"53a12e6d-2eb3-31e7-a9cd-98c4406d1c41","TRI002","Empresarial CDMX"
"e1b77e72-7978-34ee-9bf8-9517b850b07c","TRI003","Empresarial CDMX"
"2f5ccd91-693c-3432-9342-0c60baccf932","TRI004","Empresarial CDMX"
"96a9b828-70e8-3f6c-b13a-2f291eb46b38","TRI005","Empresarial CDMX"
"d21eab04-928e-31db-81d6-b336586e91ed","Trilingue","Empresarial CDMX"
"d0a920bd-3ce8-38b6-aac6-111a3ba712dd","TSMT001","Metro MTY"
"cacbfb50-c7ce-3b19-a14b-1a74905a4237","TTN001","San Luis Potosí"
"38a61fe2-4720-3e06-98e4-de951fdb3535","TULTITLAN","Metro CDMX"
"cf9ce590-ba22-3bca-aee7-89fd2886ac9f","TULTITLAN-2","Metro CDMX"
"11b96319-5d1b-3f0f-ab49-c9beb668dfca","TUS004","Saltillo"
"711bd64b-d2c6-3696-a914-3ce8cfe1645d","TUS005","Saltillo"
"07c83417-1703-36af-9841-b114ef4d91a2","TUS006","Querétaro"
"b0db5ef6-f9fc-31e8-aab6-62276feb3935","TUS008","Empresarial CDMX"
"78fd4c44-8a9a-3d48-8c98-dc31de45155d","TUS010","Empresarial CDMX"
"9a25ea25-9df8-32f2-9ae2-fe7ff30c90fd","TUS011","Metro CDMX"
"c65c9e65-6937-314c-94d1-8a09d56c1114","TUS012","GDL_Metro"
"9ed8989b-cec0-3e1d-9fb1-6700254d1493","TUS013","Empresarial CDMX"
"0dda2217-914b-3786-98c5-79cb0e5e573d","TUS014","Metro CDMX"
"03601ad2-0010-349e-8fad-0e4d0b4b8160","TUS015","Empresarial CDMX"
"c8dbac4e-8bf1-3dde-9f9a-7b712608400c","TV-AZTECA","Empresarial CDMX"
"96672cfb-5869-35d9-958f-bd3946ca674b","TVC001","Metro MTY"
"cdbef5cb-1d83-384c-ac5a-8ea71168e2cd","TVO001","Metro MTY"
"3bdacae2-b254-39e4-bc42-dad658b64b7d","UDN001","Metro MTY"
"4e995b90-7123-35bd-b6c4-d9a26f50913d","UDV002","Empresarial CDMX"
"7b10a7ee-cd04-3561-bfe5-9fc5339cec41","UDV003","Metro CDMX"
"6345bc59-7e23-301d-a819-c29c8ba0b256","UFI001","Empresarial CDMX"
"23b19f4e-9fd2-3df3-8d70-25da52ca3c51","UFI003","Querétaro"
"9e74e01f-36ae-3e36-9078-b9e75b96cea2","UFI004","Empresarial CDMX"
"6da7e01c-9838-3217-8e4b-c489315b0655","UNG001","Metro MTY"
"bfb94c01-1760-3c32-9572-f983a3b2faf8","UNG002","Metro MTY"
"251c4650-7bc8-33bd-8e35-cdd5df1d0652","UNIVISION","GDL_Metro"
"a080e4eb-781a-3d33-9b01-be2aaa25ed8a","UNS001","GDL_Metro"
"eea75d74-f4d5-3a28-8d63-4f8bec700305","UPL001","Saltillo"
"e4e87104-1b59-32d8-ada4-d502be4c7086","UPL003","Saltillo"
"51999079-5bde-31e8-aa6d-3856790fa15d","UPL005","Empresarial CDMX"
"bcfd55de-088b-3ade-bd2f-2cb2bc0de099","UPQ001","Querétaro"
"77edbbc1-e4a4-37fd-9528-cd90e2288642","UPS001","Metro CDMX"
"1145c59a-5e79-394e-b1fc-4f1cf0de4e01","URS001","Metro MTY"
"5ba4f8f4-177f-38b1-9109-95866d1fbd90","URS002","Empresarial CDMX"
"01468f3b-bf40-3b6a-94cf-d561aa95b6d7","UVS001","Metro MTY"
"3f8335d2-0ab7-311e-aca3-cb6721deea19","VAL001","Empresarial CDMX"
"0cc1e17b-30d9-3546-8f14-96eab06e0127","VDT001","Metro MTY"
"3a9623fb-708e-34df-8cb4-8e008600e9d0","VER001","VERACRUZ"
"c34dc039-69a4-39fc-814d-56fee676b983","VER601",
"bdb095ed-54f8-3413-89b7-6d406bb983a6","VIC001","Querétaro"
"60374d1e-1f65-3884-812b-d6d8c70a8b6f","VNT002","GDL_Metro"
"fd0e7324-8843-378e-ae33-76aa76241d71","VOZ001","Empresarial CDMX"
"d53b0478-dc19-39b8-b7df-7a8a0015bc00","VTL001","Empresarial CDMX"
"bb769628-ebf8-325c-a418-41bcaf597f08","VZN002","Saltillo"
"13478516-70b1-376c-b652-342c6599496c","VZN003","Metro CDMX"
"156de377-4381-33e0-a689-5a57a6fbc881","VZN006","Metro CDMX"
"70718dbd-94c6-36f3-9558-f9f980b70fa0","VZN008","Metro CDMX"
"2b0f974d-d468-331c-9c09-f7a976ab3d1c","VZN010","Metro CDMX"
"67e9b1e6-1e17-37bd-81e3-8bd094986791","VZN015","Metro CDMX"
"8511517c-881d-3d35-8009-3e1b6dcd1502","VZN016","GDL_Metro"
"70add40b-48a0-39f9-befc-37c54ab45bdb","VZN017","GDL_Metro"
"2b91f44a-bce4-34c3-95f4-1f89e36ceef4","VZN019","Empresarial CDMX"
"17b164ab-6250-3ebc-a57f-b0959f1cecee","VZN025","Toluca"
"8a9cedef-6a20-3a00-9907-ea682aad4015","VZN027","Empresarial CDMX"
"e4ba9ad1-7b4c-349a-9873-31027febe7a4","VZN028","Metro CDMX"
"633800cf-9aa5-381b-97f3-fee4a508bd6f","VZN032","Toluca"
"93c524b8-c358-3c86-a84a-99b42498f50e","VZN034","Metro CDMX"
"b9847c28-7140-3c38-9778-c1aa4a23fba7","VZN041","Toluca"
"a40cb0b3-a5a8-329e-ad14-12bc1e391cc7","VZN042","San Luis Potosí"
"b490df35-533e-32c4-82cf-c8a46991ff7a","VZN045","Irapuato"
"e9b37249-121b-3296-b2bc-406c5d9b4779","VZN046","Irapuato"
"e4b1e17c-2ef6-3d5a-9946-c00a1dfa8660","VZN047","Metro MTY"
"48284c78-0bab-3baa-b74f-ffeb2dd3a56f","VZN048","Metro MTY"
"102c8efa-5b79-3e51-a060-7b3732313256","VZN049","Querétaro"
"0f3cf527-f4a7-32eb-b907-aad12850de22","VZN051","Metro CDMX"
"67b0ea74-b8f6-3ae4-b909-be5ba866eacb","VZN052","Saltillo"
"1a033ba4-6e65-3b0f-a8d0-93a5bc501760","VZN053","Metro MTY"
"d528b2d7-ed24-3b98-bb15-98dbc65789d9","VZN054","GDL_Metro"
"1bed9fba-22d3-3015-8411-8ed1f43c7860","VZN055","Querétaro"
"f7454fff-df59-35c1-a842-a1320831404a","VZN056","Querétaro"
"9e32ac25-bd08-3806-aca0-1a733b6fd42e","VZN057","Puebla"
"3de848b7-6622-3065-86dd-03b76f599761","VZN059","Empresarial CDMX"
"66a420f9-6750-3646-be9d-2a9d320945b5","VZN060","Empresarial CDMX"
"2e273e7b-dbc7-396a-9495-9a2319ec0cd5","VZN061","Metro MTY"
"9757ea41-72dd-375a-a499-af21d5ea3ca7","VZN062","Saltillo"
"a94b3981-838f-38ff-bfd1-c2bcdb8371ac","VZN063","Tijuana"
"72a6d814-823a-329b-bc5e-1999b09837c2","VZN064","Puebla"
"7475709a-5804-3c1d-8a24-0c16b9102f0e","VZN065","San Luis Potosí"
"b3a9ea28-e179-32b6-9478-09e23790d295","VZN066","Tijuana"
"041fce1a-b802-330d-b6b7-b66690c80497","VZN067","Tijuana"
"f66f597b-84bb-360e-b4c1-3b6ed3991168","VZN068","Empresarial CDMX"
"9b241a13-fad7-3eac-ba6f-33d8c1a38e62","VZN069","Metro CDMX"
"dfa9a2ad-590b-3d7e-a901-cb3089c8a40e","VZN071","Metro MTY"
"671027e5-d1fd-3ed3-ba0b-c36077af4ba6","VZN072","Toluca"
"09c95588-b65c-3478-8c83-4b9faf9c1045","VZN073","Empresarial CDMX"
"20c690f5-ed7d-355f-a03c-beffd2ce3805","VZN075","Saltillo"
"3ea26b87-b421-3f61-867c-925ca1824e97","VZN079","Metro CDMX"
"a055957e-6b20-35c4-aeec-4eb6154fbd0b","VZN080","Bajas PDE"
"a6c48500-885c-365d-9741-1016cafc973d","VZN082","Toluca"
"b42ea7d2-7954-30fe-b74d-1227086fc429","VZN083","GDL_Metro"
"e75c3479-d8b9-32ec-8d5c-ede03478fd91","VZN084","GDL_Metro"
"6ff010e1-b984-31c5-916a-cc4deed303d2","VZN085","GDL_Metro"
"f0890e97-deb0-3741-9718-399268fbf60b","VZN086","Bajas PDE"
"0c20e97b-b09c-3663-b3c8-c2429b4c5f99","VZN087","GDL_Metro"
"f7df9600-f06b-37f4-8e34-48e5fbf4b4d3","VZN088","Saltillo"
"f12ee98a-6816-3a13-8404-85fa37d49651","VZN089","Metro CDMX"
"5e661705-a7e7-3499-83a1-b453df7e9e2e","VZN090","Saltillo"
"4bf0002d-3794-3af3-9f41-4f3fea10b9ed","VZN091","Empresarial CDMX"
"a2715171-5e28-37f6-96a7-460241cc7e8e","VZN092","Empresarial CDMX"
"bbc2222f-ca16-3ed3-84ca-05bf72d04d61","VZN093","Toluca"
"7f37c407-e6a2-3568-acf4-c12899f0e215","VZN096","GDL_Metro"
"4ca4fa74-e563-39f2-8668-49e14927726f","VZN097","GDL_Metro"
"a599abfa-623b-324a-b349-dd0700076ab0","VZN099","Empresarial CDMX"
"68c911e4-996e-36e4-b9ee-c75e88bc0e9e","VZN100","Toluca"
"1f4bc7a5-f980-3a1f-a0ff-71e61065d101","VZN101","Metro MTY"
"2964348b-8f97-3265-a2f1-2cc960092afd","VZN102","Metro MTY"
"6306e1ee-6f46-3571-9701-6988c2e477aa","VZN103","Tijuana"
"811df1dd-9968-3fd7-959b-abcf290472e6","VZN104","Metro MTY"
"4985d357-b212-3939-ab0f-4eb164d999a4","VZN105","Querétaro"
"068735da-ba2f-361f-a979-57a0b08b5229","VZN106","Empresarial CDMX"
"3f511251-a646-3b3d-852d-4d8fa9700121","VZN107","GDL_Metro"
"a51bf9f1-f6cb-3a27-83c3-d7f605245c57","VZN108","Saltillo"
"37a5b8ab-68cb-32f4-bec0-0cd6f4503b39","VZN109","Saltillo"
"2085ac70-a3e9-317c-87fc-330b5f5b99ba","VZN110","Toluca"
"b1f1f95e-6e16-3918-be55-70d8c3144b36","VZN111","Metro CDMX"
"17da032c-519b-31ab-8649-12e2e9d6b953","VZN112","Saltillo"
"21d85093-8750-3d0c-9d7e-15ea073f1d88","VZN113","GDL_Metro"
"42d79044-ff99-3bb2-a565-e524a261563c","VZN114","Saltillo"
"280627c5-16e5-3559-95cf-18d17844778a","VZN115","Empresarial CDMX"
"d5902676-c6e6-3c06-a650-981cfed8f5b5","VZN116","Saltillo"
"8203dd03-c040-37d7-9d0b-abe126f90217","VZN117","Saltillo"
"c574a038-5c6f-3c79-846a-803038c34a65","VZN118","Toluca"
"1e5ad672-aad0-3d4e-9292-c9bd0653e207","VZN119","Saltillo"
"94691d59-3b91-3f0e-af3b-55283cd6bb50","VZN120","Toluca"
"47949b58-2d93-3deb-9305-a0fea76e4411","VZN121","Toluca"
"150942ff-7241-3eae-b04b-b76d49c169d2","VZN122","Querétaro"
"8afc8832-1336-3842-a42d-d965754c81c8","VZN123","Metro MTY"
"d8bc01c1-1359-3c5b-8259-c0f1498b7e4d","VZN124","Metro CDMX"
"ecf54d76-fa41-30aa-9c02-6806caf98fd0","VZN126","Empresarial CDMX"
"56a66fcd-fb21-3546-8aea-cb83a0bfddad","VZN127","San Luis Potosí"
"e758880f-6b5b-3ed9-8c27-3537e4afe87a","VZN128","Metro CDMX"
"bcada9b5-f4e0-3e0c-9da0-f2b6b90697c9","VZN129","Metro MTY"
"ca24a764-ba8d-3acf-9e70-1c104f567e9f","VZN130","Metro MTY"
"1189000c-bc45-3340-b129-6909aa6a5183","VZN131","GDL_Metro"
"ac49a19a-fe86-3304-9881-da169faa37ec","VZN132","Metro CDMX"
"07deb495-899c-364c-b6d6-898e18484bf0","VZN133","Empresarial CDMX"
"31bb1723-8435-39f7-8b1d-797267aadb20","VZN136","Metro MTY"
"cbf696d4-dd78-368e-8ac1-c042636d52d6","VZN137","Metro MTY"
"73a31dd4-5b3c-3b78-901e-7a65cad664fd","VZN138","Metro CDMX"
"9ed3d37a-3640-377f-b5d3-b58d6427612e","VZN139","Toluca"
"0e665b06-4026-3f46-9021-f1efa9755723","VZN140","Tijuana"
"6864d76e-78c3-35e4-a811-f59ac070797d","VZN142","Toluca"
"9243d3a4-a379-362c-8791-4f8eacffcdb5","VZN143","Irapuato"
"92f29c71-3e78-3727-ac1f-1124293dc6c6","VZN144","San Luis Potosí"
"b60607fa-dd94-376e-847f-12fc6a8d72d0","VZN145","Metro CDMX"
"3b134e7d-bac6-3b6e-b247-cc40d968e759","VZN146","Metro CDMX"
"d6c6eccf-baed-3ea9-a8c6-5d1c4aaa76d8","VZN148","Toluca"
"2903e923-87e0-3c60-9a3e-1fefd81af329","VZN149","Metro MTY"
"3ec4d1d4-23ef-3712-9f82-a4d758cdf86f","VZN150","Saltillo"
"366bdd39-ed8c-3093-8689-7e9073d73b0b","VZN151","Metro MTY"
"e9c0c716-7a62-3731-bb2d-1b6fcbc20599","VZN152","Metro MTY"
"922e4f62-d3f7-3b83-927f-5932eb4a9708","VZN153","Querétaro"
"552ce43c-0701-39bb-8446-30778f93c084","VZN154","Empresarial CDMX"
"c71618ae-65ed-3ef4-9bdc-973a9d54b223","VZN155","Saltillo"
"3ebfac17-bc87-3039-8792-8cf76cfcea56","VZN156","Empresarial CDMX"
"6c05e4c5-2ff6-3079-95c1-1707841330ee","VZN157","Empresarial CDMX"
"9c519ce0-4bfd-3489-94e6-4dc9024cfdc8","VZN158","Metro MTY"
"a6077bab-0c69-3b2c-8283-b538a1fcd3db","VZN159","Empresarial CDMX"
"5c74e3a5-fc6e-3b8b-8a28-26c870b30f1a","VZN160","Querétaro"
"e323388f-466b-376f-a001-4dbb58df331c","VZN161","Metro MTY"
"6d66e33c-712a-3e28-a3d1-849926452f0b","VZN162","Saltillo"
"f6d5e899-8846-39a1-bcac-46816d69962b","VZN163","Saltillo"
"915a8355-f5a0-3288-896a-53a697228a6e","VZN164","Toluca"
"7a51348e-2f3c-3dd6-9729-720a59859f65","VZN166","Querétaro"
"6be5c795-3820-30d6-a2ea-78968e29dd9b","VZN167","Empresarial CDMX"
"88f1266f-4237-33f4-817d-4225c7b8fd7a","VZN168","GDL_Metro"
"f220cd78-89db-3ba3-9b69-a9fcec70e1d2","VZN169","Metro MTY"
"0b6f1fe2-9505-32ae-ad96-1a731bb59bb6","VZN170","Empresarial CDMX"
"448a5398-6159-38a4-a18f-c2e925240883","VZN171","Metro CDMX"
"1a66d6aa-11ce-30eb-a682-d5650130c614","VZN173","Metro CDMX"
"506aae31-3aff-3a86-9def-56b7f7a71190","VZN174","GDL_Metro"
"29dda390-2e72-3b8a-900a-4cfc740e0bb0","VZN175","Metro MTY"
"1fb31f4e-d6fb-3ce6-8394-ed0c0e371ef2","VZN176","Empresarial CDMX"
"ad55d730-7e5b-34bd-8092-91e57ed1c63c","VZN177","Metro MTY"
"cacf8475-8ea2-3718-b7f5-4b04906a972b","VZN179","Toluca"
"0b052dd1-8013-368e-ab79-ced6a224eb32","VZN181","Metro MTY"
"f96f0a5b-c448-33e4-abca-ffbce75a7be6","VZN182","GDL_Metro"
"200914c8-d151-3fcf-b41d-21e19c0ada62","WHC001","Empresarial CDMX"
"4adc54b6-67d5-3e72-b124-d06904ee988e","WHU001","Metro MTY"
"f744cbea-76f5-3797-bee5-39de82f417fd","WIN001","San Luis Potosí"
"4cfb41bc-e2f3-3572-aa0e-32c9fc4042b6","WIT001","Empresarial CDMX"
"a86eb95a-7cce-3dea-bb91-2ca4c2e6c515","WIT002","Empresarial CDMX"
"a1851b80-0363-344f-af4e-11922088853b","WIT003","Metro CDMX"
"3023585c-f3ff-3efd-9000-3a6b38d8b7dd","WIT004","Empresarial CDMX"
"3c32a595-bce7-3422-a470-8997a4c8c92f","WSM001","Metro MTY"
"e34033d4-f775-3e5d-83c2-1cd1c3daf696","WSM002","Metro MTY"
"472194d5-6ecd-344c-a108-77f402691258","WSM003","Metro MTY"
"8fba94e5-e899-339b-90e1-bc073d3a73ec","XCF001","San Luis Potosí"
"df2b06ac-faf3-3e64-9cc6-2834fa725fdd","XCF002","Metro MTY"
"b61235ce-8676-3ddd-af23-9e4fa9073e79","XCF003","Toluca"
"421f9654-1b8f-3017-92c0-ffd2036941a2","XCF004","GDL_Metro"
"0db984f7-162e-319b-9480-313b1517a847","XCIEN001","Metro MTY"
"e479aa2b-8340-3226-b496-8da9929a1aa2","XCN002","Metro MTY"
"8cfd8924-8838-3e44-a6f3-cfbde0e7c559","XLC001","Querétaro"
"9c79963a-cebd-3c94-b45a-a401bc1559e0","XLC002","Querétaro"
"3bf4c9e8-d38a-301f-8e0d-aab8849e0d36","XSN001","Empresarial CDMX"
"39ce4487-163d-3271-97bd-da3da6c7b8e3","YUR001",
"9a7defe2-049d-3279-abd5-a47376812693","YUV001","Puebla"
"bc8af397-93bc-316e-962e-6feb948748e2","ZAY003","Tijuana"
"11a10b2b-3260-3e71-8b60-6a12d73f8061","ZAYO001","Empresarial CDMX"
"734b35f5-b62d-32e8-a3aa-079dbf18f52f","ZYO004","Metro MTY"
"0a804cb4-03ac-335f-8eb3-d325e0229814","ZYO005","Empresarial CDMX"
"58565b5b-28b7-3c4d-b7c1-21c000f9af0a","ZYO009","Empresarial CDMX"
"362d8ac7-5855-37c2-87f4-86bf1d0dd70e","ZYO010","GDL_Metro"
"5ae3db96-4b89-3b14-b7d0-d791209277b8","ZYO011","Metro CDMX"
